temperature (Â°C),humidite (%),vitesse_vent (km/h),jour_semaine,heure,type_habitation,nombre_personnes,consommation (kW)
6.854305348131312,24.810634307089572,,Mercredi,,Maison,1.0,0.8175239381372856
,,12.348939953599992,Lundi,15.0,Bureau,5.0,
,79.83566687011266,,Vendredi,8.0,Bureau,3.0,2.081783696970393
,68.5779909127649,,Dimanche,11.0,Appartement,5.0,7.266091949183007
-2.9791611800903564,74.52489182891598,13.59748630643155,Samedi,11.0,Maison,1.0,2.1709576924772898
-2.980246584870881,62.70266933685739,37.969913120898184,Dimanche,5.0,,5.0,2.7361409880343968
,65.3821251614282,22.486992122527,Mercredi,18.0,Maison,1.0,
28.97792655987208,77.93565212522554,38.83552784775906,Mardi,6.0,Appartement,1.0,9.190932024970342
17.050175528444395,29.973440708734877,3.268307878219262,,,Bureau,5.0,2.511286535405723
,49.15399709145124,24.378559683669216,Mercredi,15.0,Appartement,1.0,
-9.07369775668889,27.696755345568178,,Mercredi,17.0,Maison,2.0,7.710279902613291
33.645943347289744,89.01344063973175,3.132660172767726,Mardi,15.0,Maison,1.0,5.255885557172344
27.45991883601898,85.52474717492906,,Jeudi,22.0,Bureau,4.0,9.161958567626828
-0.4447400194775728,13.154144909480472,6.962268555879758,Jeudi,6.0,,1.0,1.8928382930185017
-1.8178764756804728,66.44601380125508,26.621034113760857,Lundi,3.0,Appartement,4.0,
-1.7467970565954776,84.01986539325327,20.554780130035326,Lundi,7.0,Bureau,1.0,2.712351888442243
3.690900933179197,24.446027610186682,17.367166312942135,Jeudi,12.0,Maison,1.0,
13.614039423450702,55.435618444210355,44.99166728436362,Samedi,12.0,,5.0,6.99257944399407
9.437525838895208,83.23906380704335,1.091169838774475,,16.0,Appartement,2.0,6.140003889132966
3.1053113089118867,12.715678286863907,33.189484308779456,Mercredi,16.0,Appartement,,7.670860854442147
17.533380262507077,65.7936213797472,48.16972171067752,Vendredi,4.0,Bureau,3.0,3.4398944762387322
-3.722776270658118,33.78792058980406,28.008409173092097,Mercredi,5.0,Maison,5.0,4.755730735630804
3.1465091840848167,83.95169563012243,46.84112310165459,Jeudi,18.0,Appartement,5.0,
6.486282948216125,87.68465961322943,2.6128939643011884,Lundi,,Bureau,2.0,
10.523149289766618,,20.93966595370807,Samedi,13.0,Maison,5.0,3.276365089024185
25.33291826268561,47.9371373325971,13.007889548102558,Lundi,21.0,Maison,2.0,3.3007637642942855
-1.014679802873811,78.96341207914507,36.54104824903649,Vendredi,3.0,Bureau,5.0,3.8682079838717702
13.140549728612523,77.56395188280563,49.064854524862334,Lundi,,Bureau,1.0,5.8636437722580546
16.65865559879191,35.528037859460454,12.82650312221239,Jeudi,7.0,Appartement,,2.8970660705055797
-7.909731427600102,76.3132379320542,32.70873007370373,Samedi,12.0,Maison,2.0,9.195254433603102
,,9.904881637987007,Vendredi,,Maison,4.0,3.024012866229503
-2.3264144340718813,57.70159027856424,28.266512728580494,Samedi,5.0,Maison,5.0,
,28.400706983016242,23.19662433441681,Mercredi,23.0,Bureau,5.0,
32.699849176399994,19.645350862182305,48.60026648157685,Lundi,20.0,Appartement,2.0,6.737345672796697
33.45344148835517,16.156256130336732,30.42636363482333,Samedi,2.0,Maison,1.0,9.116362425163315
26.377880665240752,65.70310207025118,17.475318604340938,Mardi,2.0,Bureau,1.0,2.1031196647831805
3.7076196128016807,37.18999710144529,5.704789244396668,Lundi,12.0,Maison,1.0,9.699106120942922
,67.98134172230093,7.562341436746728,Mercredi,21.0,Appartement,5.0,4.802391923947361
20.79048619304706,15.22850726391539,11.265846497561755,Samedi,1.0,,4.0,9.484293530189733
9.80686221828206,35.223227026448825,12.5483330670149,Vendredi,15.0,Appartement,,6.9297904144854465
-4.508279431984953,,,Mercredi,21.0,Appartement,3.0,
12.282960955007159,73.25785318711709,28.061139414126245,,,Maison,4.0,2.288873986712511
-8.452516549815172,35.5002002345656,26.169545568718323,Samedi,7.0,Maison,3.0,
30.91941809354519,60.071310114960724,,Dimanche,22.0,Appartement,4.0,
1.6450991720007622,80.87821985889497,43.00698466747175,Dimanche,7.0,Bureau,1.0,1.8667456802616327
19.81350279592919,,36.140715160424186,Jeudi,5.0,Appartement,5.0,1.494274183291571
,28.636757980290703,3.383418095000079,Lundi,,,3.0,4.517963665544799
13.403060953001486,11.952062524523042,35.39175486148844,Vendredi,2.0,Maison,4.0,8.057994574447072
14.601962570447583,79.60790991207439,27.176910867132303,Jeudi,9.0,Bureau,,1.8431437650552318
-1.6815495013512827,11.701552868030971,4.086267287338913,Samedi,2.0,Appartement,3.0,1.7380441151371908
33.63130824940514,79.97613381473596,,Dimanche,11.0,Appartement,2.0,6.612575020414642
,,24.234814356502348,Dimanche,16.0,Appartement,4.0,2.3732383286966297
32.27745237038851,85.1254158810317,8.288727008163788,Dimanche,4.0,Maison,,1.4272953620354203
30.2672307692442,73.90265886189323,47.284907350014116,,19.0,Appartement,1.0,2.0850614929529874
16.905499046498832,89.834728842667,42.49876857403309,Dimanche,8.0,Bureau,2.0,9.275448260829373
31.48434057604026,,33.451116866455415,Mercredi,,Maison,2.0,8.303976901373812
-6.017837407663622,,23.11477805003036,Samedi,19.0,Maison,4.0,
-1.1807711911384668,42.15447308873937,20.588277079225424,Vendredi,6.0,Appartement,1.0,6.730297289610232
-7.964771999025787,48.39004962431271,32.548673357547706,,,Bureau,2.0,5.604118899846362
4.6398648843468955,60.20043705746961,27.271593470345273,Vendredi,,Maison,5.0,6.932680503084358
,79.8941691349071,3.113655294094281,Mardi,12.0,Maison,3.0,6.9853759483962135
2.2107064298253167,88.72667753594361,25.625132438516584,Dimanche,,Appartement,2.0,6.472973143069932
27.293187911836817,71.46187310916146,40.32018086164197,Mardi,9.0,Appartement,1.0,3.027963001104432
6.053899701211517,43.4213425733867,22.961993879847903,Lundi,17.0,,2.0,0.8705609972467723
2.642052935932135,43.70856018216561,2.597828877713421,Lundi,16.0,Appartement,3.0,
14.421323742121182,69.00658412711132,39.31390996920165,Mardi,19.0,Bureau,1.0,8.964251904561687
-3.658409876135681,,10.06818910679872,Samedi,,Maison,4.0,5.9102239559264715
26.098864133931784,,12.931041744401938,Vendredi,12.0,Bureau,1.0,8.407714896168125
,38.36977261126212,8.235317671614794,Mardi,16.0,Bureau,4.0,
,,16.51075324357488,Lundi,21.0,,1.0,2.0543539393136245
24.751014618349586,33.7046496364792,37.83757528443175,Mardi,3.0,Maison,3.0,7.071887571848832
-1.057794330962242,28.688620083992795,25.96929297519687,Samedi,0.0,,3.0,6.905788950150234
-9.751504729437892,,10.244063707535627,Mardi,0.0,Maison,1.0,9.809576749903645
26.695764280467536,11.429914778673105,,Vendredi,,Appartement,2.0,9.863206972551604
21.80858047314277,89.01779117888252,43.97909274757646,Jeudi,12.0,Bureau,3.0,
22.805322561844427,44.22185069886899,,Samedi,16.0,,4.0,2.8143405238308454
,,11.939810569076965,Lundi,23.0,,4.0,8.08628046224069
-6.667990671965933,64.3717826154456,22.561967209049406,Vendredi,7.0,Bureau,5.0,1.516776775004862
6.130957784492267,27.460311029205133,49.249482807043755,Mardi,17.0,Bureau,4.0,7.916643389630472
-4.785892321369163,85.99689471601803,38.60062381549952,Mardi,12.0,Appartement,5.0,9.146863179374616
28.839654164401708,72.90760115324417,1.358371061277991,Jeudi,22.0,Appartement,1.0,4.136917250300135
18.048415707240107,17.15288018498076,,,13.0,,1.0,6.491035302339265
4.890411118369213,43.40646206279427,23.19656884061664,Lundi,7.0,Maison,1.0,4.58635595491985
-7.139874237128936,80.32946460497317,45.461010293078004,Mercredi,7.0,Maison,2.0,4.65876802238722
3.9942044772048,85.57856178331282,26.935089897635713,Lundi,14.0,Bureau,2.0,3.4485234465271404
4.6332494912036175,47.39212089998958,24.890625401714512,,,Appartement,5.0,7.740231394278084
22.832278025212887,59.07291113685662,5.273684997831529,Dimanche,6.0,Maison,4.0,9.3936773595818
,23.36271568736602,,Mercredi,4.0,Maison,4.0,9.437133162727381
,89.29349009095813,,Mercredi,16.0,Maison,1.0,2.160422206311871
11.249671632287718,28.53373611067547,19.021000375378115,Mardi,15.0,Bureau,3.0,8.810064671737377
-4.618258932776423,85.41854193081005,38.78059254626638,Mardi,22.0,Maison,,7.50559869355766
22.09601542503478,61.97173191938948,,Lundi,1.0,Maison,2.0,2.901955306557748
24.235327187760383,58.61894359030873,10.188322956384454,Mercredi,21.0,Maison,1.0,1.1392038227543884
15.257473890627331,51.015080881320685,26.166481559737065,,17.0,Maison,2.0,3.0459740354015907
24.693523097955243,28.453584937420693,14.356897904228777,Jeudi,,Appartement,1.0,9.165978249424494
12.220801836397584,24.12224256044066,39.64272095169197,Mardi,6.0,Bureau,5.0,6.5151974115098366
13.522977322189732,27.63889672561403,28.879668294057875,Samedi,,Bureau,4.0,7.350019278529783
9.239345826134734,24.915060971540363,31.72912087751519,Samedi,17.0,Appartement,3.0,2.9429473355364104
-8.856139296515718,72.36675788534026,39.895707980794704,Mardi,13.0,Appartement,4.0,7.334187477960793
-5.1448857853013,38.01002073333841,19.798523633122745,Mercredi,17.0,Bureau,4.0,0.7671543096402758
-8.58568664409696,14.62741412507171,45.75450342035216,Dimanche,,Maison,5.0,
18.63846850687012,87.52821041126491,26.651443362307,Dimanche,10.0,,2.0,6.454156811152147
4.1460191484347,80.70287079707406,7.8977411417674,Mercredi,20.0,Bureau,3.0,1.887917372642542
12.885681102411624,,34.79495590844012,,20.0,Maison,2.0,8.31853395724588
30.840491326674183,,39.66306752191272,Dimanche,15.0,Appartement,4.0,
1.2181503116993717,23.91161993755898,15.838083853376334,Samedi,,Maison,1.0,6.69667057177524
8.46723153660334,41.699361512212704,42.85896284993765,Jeudi,16.0,,4.0,4.349372854465631
23.999801234437193,70.6590780563273,45.30716273828832,Mercredi,7.0,Maison,2.0,6.162414157037648
0.29591744712300994,65.68164944430337,13.845224368890447,Lundi,,Bureau,4.0,
-6.5359040577043155,22.311672507188405,,Samedi,,Appartement,1.0,
3.0388153811195604,,7.035576402437921,Jeudi,14.0,Maison,5.0,9.14086206011286
-2.7450420735698007,,10.100783420124499,,8.0,,2.0,3.0614850832882365
31.83639435541579,27.905409185809845,9.211241961901306,,19.0,Maison,4.0,8.28693152641436
26.365417080398764,52.957953831473084,44.69948550039352,Jeudi,9.0,Appartement,2.0,9.993827854485902
18.503169042969056,,,Mercredi,11.0,Maison,5.0,2.508596950989656
29.215726558447294,56.40689662702489,7.6052141611136435,Dimanche,20.0,Appartement,4.0,3.019122041241878
26.165243460460154,17.31894699182039,22.016170918417448,Mardi,22.0,Maison,4.0,6.797167982529324
-1.6043473501283874,,30.764901253490102,Samedi,19.0,Appartement,2.0,9.671762028705903
30.165154932049,31.248003407096483,4.173204249469165,Vendredi,0.0,Maison,2.0,9.200236307812068
14.270400886204282,20.361193702624334,,Mardi,19.0,Appartement,1.0,5.277317440623056
26.334806982382815,81.09984638951818,40.180176772076756,Samedi,,Maison,5.0,8.053547684003885
,86.45211985838027,,Mercredi,21.0,Maison,1.0,1.7895856044490601
4.310156373733875,78.97020938123605,48.35633076295852,Samedi,14.0,,4.0,9.785662749938117
-5.047663396254546,74.76128597799024,,Dimanche,0.0,Bureau,2.0,9.661355723341872
0.2570823143873753,62.41935845112174,49.20551595182489,Mercredi,11.0,Appartement,4.0,2.0554250998521244
9.219850488181535,,33.395999940181355,Mardi,2.0,Maison,4.0,3.3445196856295127
26.810664466512193,16.958940792912813,31.733563662697073,Lundi,10.0,Appartement,3.0,1.4514724763142859
28.732876246535454,42.676257045655895,8.29774476478925,Lundi,1.0,Bureau,3.0,3.081317189532707
-9.687154126096418,39.81508136098512,44.0963879152322,Samedi,15.0,Appartement,4.0,8.251579999444463
,30.7803027008261,21.37448439603076,Lundi,,Appartement,2.0,4.093998268069965
8.783495141695056,67.87360909508679,,Mercredi,14.0,Bureau,4.0,1.3397711878942045
-0.005148528817139564,,,Jeudi,11.0,Maison,3.0,3.751142485399593
-4.606058469984274,16.483697272611835,27.987784181919128,Mercredi,0.0,Appartement,,
5.192682713163258,27.614656155984907,26.369981106133817,Jeudi,12.0,Bureau,4.0,6.481994154962428
32.43093667606336,,35.967681118457925,Mardi,13.0,Maison,5.0,4.453528990858499
4.544131940933985,16.090468759224017,,Vendredi,7.0,Bureau,,2.082115878224065
13.345577978451473,,3.9703292321514763,Jeudi,7.0,Appartement,4.0,9.8686795741951
,49.611722161117946,,Lundi,11.0,Maison,2.0,8.298065587999723
6.363332107068228,48.44692618613184,,Mercredi,,Maison,4.0,3.1740343732837344
33.73019372244323,57.392622772761406,42.9088526578582,Mardi,10.0,Bureau,4.0,1.1656526093512998
,,40.953175693082805,Lundi,7.0,Bureau,3.0,1.0379427950868014
1.3302033121413874,37.824736632175444,27.03968774927722,Mardi,,Bureau,5.0,1.6435924203025714
12.376182765157346,64.24129220472508,35.51213993116558,Vendredi,18.0,Maison,3.0,
3.5395239417546343,,15.71750565918742,Dimanche,10.0,Maison,,9.323252501452178
2.817822246986042,31.362261613553706,23.558394946640732,Mercredi,6.0,Appartement,4.0,5.219062566056852
-8.340087369046024,80.29039890841264,41.08184488552358,,,,3.0,8.507982083333873
17.430395029095358,73.79408172855425,22.963259858660695,Mercredi,16.0,Appartement,,4.735922888668174
12.620556045298766,62.67614677267404,17.88991326627209,Vendredi,0.0,,3.0,7.23154368479434
-7.683456193750479,78.04653832753935,,Mercredi,20.0,Bureau,5.0,7.4527910042217576
2.5390908906475147,,41.41246262186092,Samedi,20.0,Maison,3.0,2.1526552060817172
30.87196486849942,66.66903813720279,16.760402368543637,Jeudi,7.0,Bureau,5.0,3.931552560270212
0.7802850800137584,76.96106626909376,8.68807965678719,Mardi,22.0,,,6.554370487111227
-3.479730755894961,65.79771693354269,35.60070101653904,Samedi,23.0,Maison,3.0,
12.025374212490334,64.41126174082403,41.29891063540409,Lundi,5.0,Appartement,2.0,
34.35427043497703,59.48891025721474,5.031873926176667,Vendredi,21.0,Maison,5.0,5.580594929671328
0.8924872180175178,70.2173311646113,11.993705637797236,Jeudi,17.0,Appartement,5.0,9.964132683924067
,22.688408423445896,7.098599488049695,Lundi,5.0,Maison,,5.008068844913187
,80.46966073591427,17.39707057910833,Lundi,4.0,Maison,1.0,8.252539192586074
0.6936894796579853,,22.517548945270633,Vendredi,12.0,Bureau,3.0,4.604639208132869
22.769735687533682,12.339782642764732,37.44131684816532,Jeudi,18.0,Maison,5.0,8.065711864887234
,76.06534004518102,32.557379244083705,Dimanche,21.0,Maison,1.0,6.15644061539103
18.453762376711076,20.309589397875616,31.046428373921557,Lundi,7.0,Appartement,,8.922656694272785
18.50883698424026,36.809508340731355,17.61874733048272,Lundi,8.0,Bureau,,4.403954247326045
,69.48066050332862,42.072377654238,,16.0,Appartement,5.0,6.24089198830405
,22.860791683864655,23.564358369908227,Mercredi,,Appartement,1.0,6.48517746587886
27.58861230151571,,,,,Bureau,3.0,4.4651379471044965
4.435102923728113,,31.70710691478684,Mardi,10.0,Bureau,2.0,
-1.606667032006559,50.597418700866896,6.313237078225137,,,Bureau,5.0,1.3888143656671876
-8.165118630035623,10.510869737346686,33.8088781037717,Lundi,16.0,Maison,3.0,0.6583797306965145
16.59018244347088,32.96305065399302,16.25520077158495,Vendredi,,Bureau,2.0,8.798575510329538
20.490396282902708,59.35415347005937,34.31635983430487,,,Bureau,,2.7465116662675984
-9.253547698246473,88.49489424219388,3.482057408120287,Mardi,1.0,Bureau,4.0,
,60.54508216133347,8.74407185879797,,7.0,Appartement,2.0,7.4923363040476225
0.1923098839072086,30.78428648513278,42.786862945289315,Samedi,18.0,,1.0,3.5401530743302216
19.032775568425244,60.72045624796891,11.358977851175744,Lundi,6.0,Maison,2.0,5.307424577912448
,53.198830377268436,41.852056262147,Mardi,16.0,Appartement,2.0,2.043855120325835
21.092198214610967,72.3876316120915,13.963804422720521,Mardi,5.0,Maison,,9.617584353888708
7.4030905835241825,,32.144095502935386,Mercredi,,Appartement,1.0,8.590023300163756
,70.88223220016224,34.70752867549155,Samedi,23.0,Bureau,3.0,
-3.8115575134303032,,25.632737657252648,Mardi,5.0,Appartement,3.0,4.36435061143405
5.347985797261632,87.03936030871957,15.265533834836564,Mercredi,,Maison,1.0,7.742431530218141
-4.893691544173492,37.34977328309489,10.632218818554806,Jeudi,5.0,Appartement,4.0,1.8668234762029114
31.61121282253532,60.60975145071585,1.659467728121311,Mercredi,22.0,Bureau,,0.5818805246219126
29.48027090214415,84.5622484408014,15.19732006203619,Vendredi,4.0,Maison,,0.6897428594912671
1.607373247182002,18.20077823925434,32.65813952656415,Dimanche,18.0,Bureau,5.0,6.072716505343324
19.699282071538057,84.9782789789161,46.91524092242413,Lundi,19.0,Bureau,2.0,
26.77499900905471,65.03085778406506,43.5602241131526,Jeudi,3.0,Maison,,5.421145814630938
14.984036521975806,15.426964728413752,38.30323882676513,Dimanche,,Bureau,5.0,
13.83427602602029,,39.42236716266493,Dimanche,,Bureau,1.0,
0.8833530905203251,66.65376709162253,33.249245173799764,Jeudi,10.0,Appartement,4.0,7.3216475314081775
-5.810375448734535,15.388048117501736,,Vendredi,3.0,Bureau,2.0,
30.374709107899704,56.57363681410186,45.359751535291494,Mercredi,12.0,Bureau,,
30.518812572349873,37.67064455623654,33.5366155952917,Lundi,19.0,Bureau,3.0,2.7136801617699304
18.489565577297057,59.67324142139817,28.022031549021996,,16.0,Bureau,2.0,8.224849042576391
5.25634059719153,13.659362705001028,5.5494734606740534,Mardi,,,4.0,6.090096784307796
5.71443085756974,79.7229444921901,22.35277719032127,Mercredi,3.0,Appartement,1.0,2.502249444584109
22.668005549160775,87.87911753419175,23.017913560096314,Jeudi,22.0,,2.0,2.7488445206114127
30.369961697865968,87.51022842285532,43.228180476133495,Lundi,13.0,Bureau,2.0,6.4662894134106015
29.918889091930282,69.97214653943398,27.332411009389425,Mercredi,18.0,Maison,5.0,8.384426135518211
25.094399563593072,20.406899210450558,,,2.0,Bureau,3.0,4.448463929276974
18.89142407694295,70.6610556743218,48.840016425532966,,13.0,Maison,3.0,2.953854076712126
-6.213701575222803,,5.536029666315784,Mardi,7.0,Appartement,1.0,8.736610265650704
,11.76988412231978,21.12742141559723,Mardi,23.0,Appartement,4.0,6.858048771632932
30.434938483718568,35.8888175319633,2.1012337585702645,Jeudi,,,1.0,4.7568121291892265
17.289307684681546,49.091455232373264,36.99520603834652,Vendredi,9.0,,2.0,5.1350518551533675
-9.586132677251666,71.63259342462345,45.90382760995753,Dimanche,17.0,Bureau,2.0,2.4404364453957657
-5.433780571028556,64.66363012852042,14.001866477524471,Lundi,15.0,Maison,3.0,6.454624985616017
19.857579609862512,,42.91708383995604,Vendredi,7.0,,4.0,3.908053850157442
-9.77222872692016,31.890133302533272,14.610911523094888,Dimanche,0.0,Bureau,5.0,9.958629178406317
-2.7636376862125607,89.76996001261689,45.53850808219576,Dimanche,11.0,,4.0,
14.693020521496376,44.094504178877834,37.6980951798392,Jeudi,7.0,,,5.115913258801325
21.135283896171195,46.11096194637404,40.24533884207193,Dimanche,23.0,Appartement,5.0,5.875591980401383
19.338256677617025,,0.900327780022725,Dimanche,15.0,Bureau,4.0,9.209182029628094
0.09211892572518998,,48.1405178537013,Lundi,17.0,Appartement,4.0,8.107771948667628
22.048064960639117,65.49457806251908,36.33354960351616,Lundi,3.0,Bureau,,
0.6762089373560034,27.66156902310083,15.237554769306666,Samedi,5.0,Appartement,,7.327643026741562
4.642986417167048,16.590483649267416,41.46973324294235,Vendredi,11.0,Maison,,
23.592113230311085,64.43994416597704,14.076059920746498,Mercredi,8.0,,,5.177486962661865
19.23348045712466,62.36089714249082,43.6376919783064,,14.0,Appartement,2.0,2.3269998414513298
28.215053472238004,31.860762159856748,5.6290195205968505,Mercredi,15.0,Appartement,5.0,4.907394502821464
,86.06908498003283,35.184298873039786,Vendredi,23.0,Bureau,5.0,2.835276576714459
15.573887150096223,22.08463134247202,27.034923832245518,Mardi,11.0,Bureau,4.0,9.191000423590719
-5.784635447735838,44.586784083408155,4.826723509772041,Mercredi,23.0,Bureau,2.0,
6.547211137674509,85.4892736134079,12.094691412941948,Samedi,22.0,Maison,4.0,9.546508138067036
1.9341065456776452,43.57818535408978,,,13.0,Maison,1.0,5.5640252558997565
0.9795339520587607,61.08207581312684,23.438398273225292,Lundi,12.0,Appartement,1.0,
33.785474963860054,41.80755183702354,15.063263038000018,Mercredi,1.0,,2.0,5.657934222648613
,31.937216187893604,29.91787421488794,Mardi,2.0,Appartement,5.0,1.7291158611836583
30.1420949829701,88.71821183678625,14.86189038543086,Samedi,,,,4.070301580575439
18.40123816987683,42.74672050520344,14.995955575349235,Dimanche,21.0,Appartement,4.0,
25.766508659374182,81.52793629433076,37.15965993658017,Mardi,9.0,Maison,2.0,6.4180634197421265
12.618669189733644,28.396368471286895,2.4071417989176727,Mardi,8.0,Bureau,2.0,4.74530485440417
15.960674808186159,27.048376322006664,45.144749759599364,Samedi,19.0,Maison,,7.8908572299239
12.163296221848874,12.490726630760909,,Dimanche,7.0,Appartement,3.0,2.5944695694940134
-1.214065549087998,62.133346030070804,,,,Appartement,2.0,2.0633775550786817
,39.48210749790089,29.661078505369215,Jeudi,18.0,Maison,,4.360156194155794
2.6347563098385116,79.14865998717096,,Mercredi,2.0,Appartement,2.0,9.302561140574621
-8.905781510584577,47.85679253532457,9.266508976435722,Dimanche,23.0,Appartement,5.0,
,87.45547423317774,3.9484581095414306,Vendredi,4.0,Maison,5.0,4.479774435532727
-2.030019426682798,24.842041256249694,11.975508495476905,Samedi,,Maison,,5.41408561266595
32.320636295881144,79.48985343644887,39.728913935009516,Mercredi,15.0,Maison,1.0,1.3000236061824342
32.92678596511643,72.12774822333934,,Mardi,16.0,Appartement,3.0,9.853471015573074
31.168897559920183,71.67374757152416,29.140341754174482,Samedi,14.0,Appartement,2.0,6.83086939460173
,77.58265824935101,49.77187580956549,Lundi,2.0,,4.0,3.2113386504025137
-9.304452256200966,70.88191927543991,42.78480469187697,Dimanche,11.0,Bureau,1.0,6.065179745044821
,60.09762573051323,26.072284452179474,Mercredi,8.0,Maison,4.0,
9.268286674279146,20.499590214591006,3.182045464332117,,20.0,Bureau,4.0,9.675448353672044
33.49946685696513,12.602094359300153,41.568675719285494,Mercredi,,Appartement,,2.160457384891976
33.36289896901638,83.66782782525495,29.94892540886053,Samedi,14.0,,3.0,6.656288021524534
28.385425496031203,59.33202516165905,5.746649852978342,Mardi,,Appartement,2.0,2.831817394119839
3.250200143131355,73.7229832780941,4.69286424116781,Lundi,22.0,Maison,1.0,7.316833135161089
7.329397787086638,48.52178812100401,45.48134097182962,Lundi,17.0,Maison,4.0,7.87980298878267
28.301150218258563,19.38465511699156,,Vendredi,,Appartement,,6.89748742465861
4.261490232032495,20.014863376204033,41.46433996583777,Samedi,11.0,Bureau,,6.337744872424329
-2.372826399125838,64.84522297831771,43.94894501411336,,22.0,Maison,2.0,8.97845639254411
15.056056810625758,44.424471591957015,28.58861760241611,Lundi,3.0,Maison,1.0,1.2469537544027014
,,25.872317587752065,Dimanche,,Bureau,3.0,
21.321340850373787,49.327563739314954,,Lundi,15.0,Bureau,2.0,2.8587310564930366
15.652752654021423,15.136714966010727,15.847329389555965,,22.0,Appartement,1.0,9.886132639621504
-5.627057780315416,,21.729798042935588,Jeudi,15.0,Bureau,4.0,4.199202906835298
17.675325201462638,31.519472354807814,38.69398278650782,Lundi,,Bureau,,7.459820642783788
,73.80472805097506,30.09617155075658,Samedi,21.0,Bureau,1.0,7.004889056869543
-3.6962193143564184,34.8289567138859,44.6261644977423,Vendredi,1.0,Appartement,5.0,2.5147717560350884
,46.4176119265441,22.169000718959385,Lundi,2.0,Appartement,2.0,
,10.92964319264805,30.3544789359377,Mardi,20.0,Maison,2.0,3.172203353753824
23.334587798939197,15.79575102356471,31.565377654599438,Mercredi,19.0,,1.0,
21.36570834478706,41.399484512534784,29.584858115316276,Vendredi,,Maison,5.0,2.7260881236800047
,48.39510677736988,,Mardi,,Bureau,2.0,0.6866890860950541
6.177101804888984,,11.871673418740315,Vendredi,21.0,Maison,,
3.211632991902201,,25.618188877289533,Mardi,,,3.0,9.673293398118398
,65.5985508901234,5.211240140417384,,0.0,Bureau,3.0,
26.455102760563136,78.80979177513636,19.22556638224063,Mercredi,19.0,Maison,2.0,3.7158153545419923
29.01825433610467,72.38807911146799,24.38335343106322,,5.0,Appartement,5.0,0.5673722213565244
31.09582486504121,13.169506027868572,32.611212977273624,Samedi,14.0,Appartement,2.0,6.962381539138553
13.010407948742202,48.44055578062631,47.526552629310174,Mardi,,Appartement,5.0,8.341679009611973
12.568233260923982,18.39441427345399,,Jeudi,19.0,Appartement,4.0,1.89277885342003
,29.363601269002196,37.17969580882799,Mardi,,Maison,5.0,2.0168303189879317
,88.93300746137172,25.313302974760138,Jeudi,13.0,,2.0,8.005790874728659
,21.39964343212106,,Mercredi,20.0,Bureau,4.0,6.3547621093643745
25.81067012462455,,3.5466108066886717,Vendredi,23.0,Maison,1.0,0.9261752974633116
30.05024038179048,59.452458745449526,,,4.0,Maison,,6.414196409391676
,66.19719764352831,18.092654660256933,Jeudi,5.0,Maison,2.0,3.4347183670157775
6.901232868797482,,23.624667750325678,Mardi,16.0,Bureau,2.0,4.002888976973036
-5.770812707160895,10.781667793534693,2.282437275119187,Mardi,10.0,Appartement,2.0,7.8124484738203614
,,7.001204877665884,Dimanche,15.0,Maison,4.0,8.203884330389801
-8.382597679146606,51.416931470776916,13.84071538956529,Samedi,11.0,Bureau,1.0,4.303387954978391
10.951910815960709,17.02931993158667,48.576634545052535,Mercredi,14.0,Bureau,5.0,9.49795289206037
14.419008561840947,38.050154496734464,16.567350355152538,Mardi,,,1.0,4.361395820544686
2.894356345772799,,24.102052905604125,Lundi,3.0,Appartement,4.0,7.832442334686045
16.587496725605483,16.28627977240166,9.804885636919646,Vendredi,17.0,Maison,2.0,5.096834013360461
-8.627488752742776,41.75386209612768,30.53900355378841,Jeudi,20.0,Bureau,3.0,
-8.319331506285351,20.617260323444828,14.034160775798716,Samedi,2.0,,2.0,9.123731814676697
27.01702522968462,55.40326786092465,10.349628921921338,Dimanche,21.0,Bureau,,1.3304596747752966
6.20857886350683,65.15719753098125,25.828631422298955,Vendredi,7.0,Bureau,3.0,9.396686647447144
-4.2822769306651844,,0.27528995802104106,Mercredi,22.0,Bureau,2.0,8.34258099444395
13.500946702466198,26.012019539584806,,Samedi,2.0,Bureau,3.0,8.017451785970335
24.64970988943749,23.39860658072558,10.953440455092888,Jeudi,7.0,Bureau,1.0,2.4086577270124634
-0.2880537626420576,18.36542722675202,1.836068125041057,Jeudi,17.0,Appartement,4.0,8.148632483169317
18.030071411855012,60.914419963490936,5.401287706534569,,9.0,Maison,,8.57626097950785
-6.15936407528044,66.5180581189521,16.94303246693758,Lundi,19.0,Maison,5.0,3.246928177314434
-7.674322547412654,12.526891586051363,40.12928397899064,Dimanche,16.0,Maison,1.0,9.546470744442075
13.910958420566661,84.89697969949519,28.602432168465043,Mercredi,7.0,Maison,2.0,0.9736713907920604
14.328580472454792,14.157702692117793,25.63338629782082,Samedi,22.0,Appartement,,
18.684345567419296,53.30370682408564,14.674441160406083,Samedi,10.0,Appartement,5.0,5.607020811489386
22.674110017519773,66.72484155607332,46.587685971640816,Mardi,4.0,Appartement,2.0,5.970028475661942
33.91334357581406,79.67752989968685,19.850752061859584,Lundi,,,5.0,6.628925791358582
13.23351567355379,,4.354638339788575,Lundi,20.0,,3.0,0.6612067284969314
,74.13824664558335,,Samedi,22.0,Bureau,5.0,9.623484358910238
25.783378764591667,37.15601540342448,5.69191967383007,Samedi,4.0,Maison,,
2.1874513067933403,75.18600909972098,17.261157140084606,Vendredi,23.0,Bureau,2.0,1.8590885508723227
9.753713931753623,16.409187710774013,25.370596935890443,Vendredi,12.0,Maison,3.0,0.6331379164975413
-6.469462839598032,81.58533248484221,43.71112623425879,Vendredi,5.0,Bureau,2.0,5.8851551162939
-8.859216546304411,53.8073900922989,24.677329017005935,Lundi,,Maison,2.0,9.356535397249235
33.31917866050663,75.3838215969995,35.11293830158321,Mardi,8.0,Bureau,4.0,6.82649807776441
27.619105423049263,46.18546276146401,49.64084194995352,Jeudi,15.0,Bureau,2.0,8.315245950564059
21.31883927421641,61.486215615721996,6.574455994899081,Vendredi,1.0,Appartement,3.0,0.6261714328565108
8.402882498642146,52.11221287488905,,Mardi,0.0,Bureau,4.0,5.649145335557398
-2.2017555968119398,68.52716174042655,,Dimanche,7.0,Bureau,4.0,4.865848286302458
-2.960333079801128,16.530398562447168,21.09140892694157,Mercredi,18.0,Appartement,2.0,5.240195470097534
,14.828166719245104,20.551053763277288,Vendredi,10.0,Maison,,1.1860252606842856
14.715199911775422,29.768258720811716,45.380550127827746,,11.0,Appartement,5.0,7.0021359301584205
22.156816521502805,22.763574409055067,35.70163222334282,Jeudi,11.0,Appartement,4.0,5.2805939411570275
19.708881952297908,79.74268532737614,30.395260704535186,Mercredi,6.0,Maison,2.0,7.768914073682008
2.597025362567427,27.537118988643545,15.468635893139105,Mercredi,12.0,Bureau,5.0,5.110261023586296
,,41.189519211064734,Jeudi,7.0,,,1.9191255441511048
,36.951663341688544,47.75302557424945,Vendredi,21.0,,2.0,6.658441063739309
14.945932363013032,24.569433255095944,,Lundi,8.0,Bureau,4.0,
,73.17588057139832,0.07825525957364521,Jeudi,6.0,Maison,4.0,8.787748351870741
8.882002809250547,62.69662204007009,31.82006850917035,Jeudi,20.0,Appartement,1.0,6.324604271157794
,49.85565731625112,2.5567690721050362,Jeudi,23.0,,,1.9934368937910654
6.018770539306772,54.4290840750105,12.880361016686093,Mercredi,,Bureau,5.0,9.642211546071465
24.103074970896607,67.53614226178111,2.9762350173885843,,1.0,Maison,,5.424471901685546
,28.276379306503898,30.189772647469386,Dimanche,,Maison,3.0,1.1925352927807225
-4.776731177188769,89.70671328453935,34.32949567463034,Lundi,19.0,Bureau,2.0,
-7.929881109021126,87.98345297174265,5.724381903295256,Vendredi,11.0,Appartement,,2.9053896166216973
-8.167203895646344,62.026054907754954,19.191944152248976,Vendredi,,,5.0,8.135087792834373
28.495726280495326,25.963396074331612,22.8118254477771,Dimanche,22.0,Bureau,1.0,
21.664603672101066,,18.45265108804583,,21.0,Bureau,5.0,9.799999880619287
11.337822308929635,15.775872718334067,6.0512500242596525,Jeudi,7.0,,,
-5.597462770704934,12.452200176464485,20.94738950937377,Lundi,4.0,Appartement,2.0,4.822090357413503
12.122714380257456,30.614631080897095,37.558902390420904,Vendredi,14.0,Maison,4.0,7.658018251741566
11.306229685125455,,3.550383226662773,Dimanche,0.0,Appartement,3.0,1.7584712352483023
,79.46180043267044,4.009000704095173,Samedi,0.0,Appartement,4.0,5.69569738103468
9.523324215708787,68.17352558130465,17.73856459179921,Dimanche,9.0,Appartement,5.0,
7.932713047881805,69.41652169599848,,Vendredi,,Appartement,1.0,
17.71325441234974,44.03946675584603,33.428632336145704,Jeudi,9.0,Maison,4.0,4.470848812315679
18.57921428904397,37.674799403757035,33.93349783362824,Samedi,20.0,Bureau,3.0,8.606205586388418
-7.961319560257997,39.683101038768214,18.09599954189325,Mardi,14.0,Bureau,4.0,8.633459408949273
6.857567658191204,89.01196509888463,29.68303956042692,,16.0,Bureau,,1.4427578167369695
18.16369620714064,,0.5065592013871689,,21.0,Bureau,5.0,1.361848386104393
12.641131636103946,79.36251968979589,31.80480232047711,,5.0,Bureau,5.0,2.9956070315183854
28.542042853474506,56.29403268579147,45.66434737881184,Dimanche,2.0,Bureau,5.0,8.810277594262939
19.641213422852527,45.08923353516724,30.62867341724096,Lundi,,Maison,5.0,
-2.667950781335664,,43.68492967331725,Lundi,15.0,Appartement,5.0,7.339969624960739
-6.824406366980657,48.93351531397623,36.19865277330469,Vendredi,7.0,Bureau,,1.4610733863244807
18.908867519284204,,6.027920820184512,,14.0,,1.0,6.419809610604341
-8.806991025627019,82.05614912090068,45.12266536429209,Lundi,16.0,Bureau,3.0,3.882639341631876
16.35990115730585,43.73767414987643,3.322192217788744,Samedi,16.0,Bureau,5.0,7.994682648175736
,,26.69837362738819,Mercredi,21.0,Appartement,,2.7200592638409544
15.896338004414552,57.388026287468975,7.106856189672883,Vendredi,12.0,Appartement,5.0,6.5724173792046185
7.4676466792934875,,0.5853305365452033,Mercredi,16.0,Appartement,4.0,2.738984078470907
18.947969829905894,26.852975120453326,21.10171300638195,Dimanche,,Bureau,5.0,7.279772689565461
10.62138007211825,59.83732668507862,14.752035382707811,Samedi,16.0,Bureau,2.0,8.799941328327114
14.552755519217072,60.524817607401644,24.30002468988015,Lundi,15.0,Bureau,,
32.36591639494363,,28.85999433672754,,,Appartement,4.0,8.732659041657284
7.374618701034841,20.525414810180784,2.1869536154473677,Vendredi,12.0,Maison,4.0,6.13896491693583
33.25357537207614,67.26599717456708,6.150164756187282,Mardi,5.0,Bureau,2.0,1.7075496632367277
30.740778888022867,82.72260165325127,27.93211982252127,,2.0,Bureau,,4.5616476259172645
-1.1893989344816607,24.374648709619358,17.158367658632912,Lundi,13.0,Bureau,1.0,2.0281727881084297
-6.8787414606175545,29.00346599391021,36.4586743774724,Jeudi,13.0,Maison,4.0,
,87.71160752333117,32.614582429596986,Dimanche,14.0,Bureau,1.0,7.709247276970522
-9.180017845680263,24.47815621675918,42.28021814949534,Mercredi,7.0,Maison,4.0,1.5050669425915901
-5.750066765983222,78.35080746956633,34.62464133346126,Samedi,,Bureau,5.0,5.308328600599121
20.735304803736057,49.38222851584278,21.496553869507405,Lundi,21.0,Maison,4.0,
-6.796510819289695,,33.64833111972162,Dimanche,12.0,Bureau,4.0,9.393548894734467
4.353903363219258,79.65999210180091,13.769058712770926,Samedi,16.0,Appartement,3.0,5.378419734046815
28.019388993625455,45.62442040021324,15.315674938910634,Lundi,20.0,Appartement,,9.527652624308367
-8.952762891887836,51.18538831437522,39.44925799603966,,23.0,Appartement,2.0,5.5890452193322835
26.651081716502112,38.73866955198125,22.32097582007911,Dimanche,2.0,Appartement,2.0,4.244809698699125
2.683464864802996,57.436068114794196,39.919017025917626,Vendredi,,Bureau,5.0,8.557929721252506
,23.08190980680182,41.12111868341392,,4.0,Appartement,2.0,
21.35317244138678,,42.87811688306419,Vendredi,21.0,,5.0,4.983073850362969
,87.552985786823,45.83176179206036,Samedi,16.0,Appartement,2.0,5.157968649393369
29.48624060871738,30.650674616090203,21.549261025664812,Jeudi,22.0,Appartement,,8.54445751776258
23.07819697117486,62.538933163303376,15.943340916056941,Dimanche,1.0,Appartement,2.0,8.403444646036494
26.156641867318186,36.01520513797559,29.109937329705694,Dimanche,14.0,Bureau,4.0,4.333439928182006
,,18.558621171881377,Vendredi,4.0,Appartement,,3.6663486687699876
,20.469892857467986,30.05370834001165,Lundi,19.0,Maison,1.0,5.173316228371728
,87.58568360628358,35.27929313219123,Dimanche,5.0,Appartement,1.0,5.941338842502535
26.30756326702688,46.30316331069114,34.42025092460684,Vendredi,5.0,Appartement,5.0,2.764203500965971
34.5727313900303,28.884037067717117,18.727644351006067,Mardi,,Appartement,3.0,
8.567795461014192,15.879739786401013,8.34301008493764,Vendredi,17.0,Maison,2.0,5.121586274458018
,23.580632407003257,21.526466923110377,,,,3.0,3.673432709989616
,51.58191588448141,7.129707204095437,Jeudi,16.0,Maison,1.0,1.5147994331579109
5.336159311385803,,44.504851759190416,Mardi,13.0,Maison,5.0,2.769029023834266
31.88407965216041,76.31066927060876,17.29387303689287,Samedi,,Appartement,,9.518171131681845
28.62857383293553,44.47100189294447,7.722987361166189,Samedi,12.0,Maison,3.0,3.3984470247855025
9.304731231875827,29.897141807010392,1.2723879952875439,Samedi,6.0,Bureau,3.0,2.1041632489868354
23.78919805061738,59.371598928322406,32.29111931432421,Lundi,11.0,Appartement,2.0,4.876391520722436
23.954429333810708,66.54217735083566,31.84511587273716,Samedi,22.0,Appartement,,3.4173335619223626
-5.359425902383032,23.363352632075987,17.030208329064582,Lundi,14.0,,4.0,0.8340128775763445
,23.409537303065413,3.5855944423825505,Samedi,,Maison,2.0,3.569879564154464
12.736356760153573,12.933714154683438,20.4814447447616,,10.0,Appartement,4.0,
27.190585974848375,68.91216120525124,15.56087475316968,Mardi,14.0,Bureau,1.0,5.741267534189686
4.402232046377529,63.10436220974441,33.856031986750466,Mercredi,11.0,Maison,4.0,3.8873097511804424
30.298545282329023,47.97047005998511,30.288962472634516,Samedi,,Maison,2.0,4.749376184399706
7.51407554303734,77.53363591753578,18.229686409877,Mardi,16.0,Bureau,4.0,9.672420223230281
,74.45361223600426,10.894627712749505,Mardi,2.0,Bureau,5.0,4.0848105336879605
30.742188938866867,56.82834915174017,49.40179830777959,Dimanche,18.0,Appartement,3.0,2.9531547259698385
-5.89209954462399,79.4617024410607,22.700081059805743,Jeudi,,,1.0,2.8129369186342212
4.3691136915686695,26.467296802941462,34.413711789011856,,3.0,Appartement,5.0,4.848763820689275
32.75278851728622,18.95356955181823,7.027648378918039,Jeudi,2.0,Bureau,5.0,7.715441412810969
32.77732161219002,,24.27948498296989,Mardi,15.0,Maison,2.0,2.4568877497904955
15.804704965547874,14.566948487145188,1.3768359934732743,Lundi,11.0,Appartement,3.0,7.2383132078372965
18.432674547640968,52.49356224008256,25.272755895522497,Mardi,7.0,Appartement,3.0,0.7009233218194547
10.18004848902439,,48.200870355885115,Jeudi,23.0,,1.0,
3.194484726412904,13.147483253480772,19.210335649290013,,,Bureau,2.0,
4.789904541646218,,1.9498006287455794,Samedi,6.0,Maison,1.0,3.7179630798570984
20.263330523466728,46.175922262674824,1.5477895459671764,Dimanche,10.0,Appartement,4.0,5.855502463731295
,,,Dimanche,,Appartement,5.0,2.4473027118461523
,,8.001246823159702,Dimanche,0.0,Appartement,1.0,7.548956215698637
25.532816425754923,50.57878469507139,1.1676048164092956,Samedi,2.0,Appartement,5.0,0.9966514810532163
,13.325828724031368,37.81068069750884,Dimanche,3.0,Maison,2.0,8.599155126317253
12.248913711616165,21.86745607696711,22.926150444094535,Mercredi,12.0,Bureau,4.0,2.382865671005847
-7.409855799251007,,14.462238598632727,Samedi,5.0,Maison,2.0,8.806781301229142
,87.20949571488364,45.00415915082404,Dimanche,13.0,Appartement,4.0,3.8490277923549145
,10.39519847475277,5.8069480100262805,Samedi,4.0,,4.0,7.365493957507622
,86.14494283385912,47.79594144776596,Jeudi,15.0,Appartement,5.0,3.5326403289687907
5.791175564843542,61.12959502524003,15.698335868867641,Mercredi,14.0,Bureau,2.0,9.106160876729152
-4.731984260757736,79.43346356160177,44.42018361543406,Vendredi,14.0,Bureau,2.0,1.7030526924245564
-3.5653743076223865,,30.147143823973078,Lundi,3.0,,1.0,
24.267978427286252,51.24768228634002,41.33536798707437,Dimanche,7.0,Appartement,2.0,
17.81981284923175,49.10772642055362,49.20065816052321,,15.0,Maison,1.0,
,63.34914060368835,14.420271890937286,Samedi,15.0,Bureau,3.0,
-6.215193724825116,,,Lundi,3.0,Appartement,3.0,9.465780631014136
,12.397887189814236,,,12.0,,3.0,9.776651780904928
-6.725664713611291,34.63439532729527,19.275595236846115,Mercredi,12.0,Maison,2.0,4.074463628639009
26.98370266806603,66.37446101893174,17.019355212725284,Mardi,,Bureau,2.0,9.271217199632389
,26.148276169835867,27.07038036737926,Dimanche,2.0,Appartement,1.0,5.675834418897601
-6.339304871114511,63.874594665993385,7.707252158924355,,21.0,Maison,4.0,3.062553425800787
-6.1823028661663635,87.59296368858163,27.68557426790056,Lundi,,Bureau,1.0,7.172787850265687
34.3987810325529,17.512057263153473,27.0852406205002,Vendredi,23.0,,3.0,6.759567162461144
6.842185809025416,63.8081694580101,38.0950906302435,Mardi,14.0,Maison,1.0,9.896690531532967
,45.50001754436569,41.68249809687928,Mardi,10.0,Appartement,4.0,3.0179492303881914
26.575980526587614,79.45138035020042,22.022067515621202,Mercredi,,Appartement,2.0,6.884565275286486
32.62618598227364,24.171983155790873,15.116662467574688,Vendredi,,Appartement,1.0,0.9942256727797455
34.37004787202919,65.41007617809316,12.966744865854723,Samedi,,Maison,3.0,1.5796373676188344
23.902018336652375,77.04922317184882,9.731191835243596,Lundi,1.0,Appartement,3.0,0.5372245620353859
,85.56913755792186,2.882379109951244,,7.0,Maison,2.0,9.994876470066895
,64.65984226317167,17.122398941735668,Vendredi,6.0,Maison,1.0,
,49.773981120674186,13.512384606539163,Dimanche,23.0,Appartement,4.0,7.973868639968638
,59.42777921609711,48.32086929332037,Vendredi,11.0,Bureau,2.0,5.342397715237707
9.089990416113931,79.51239875829745,27.885441312502195,Lundi,18.0,Bureau,1.0,
30.785947329263117,55.64877973110637,17.363851951525376,Vendredi,6.0,Bureau,5.0,1.9370107023954213
-4.996113296223189,12.430964775746949,29.0233800496848,Vendredi,9.0,Maison,3.0,3.2044100190414047
12.168129693088662,84.47589564055822,6.959835067284775,Vendredi,15.0,Maison,4.0,4.071726608326822
-9.489085985466142,,,Dimanche,2.0,Maison,4.0,7.684945921312794
11.089728889735682,64.12107086217972,31.31171607105319,Mardi,9.0,Appartement,4.0,
-7.4663525943173195,27.254012191817374,24.444891589622568,Lundi,5.0,Maison,3.0,1.2360944522770856
-4.653193767936764,,20.088940032716213,Dimanche,17.0,Appartement,1.0,0.6712755851096663
-4.7113188950302805,41.50915245233268,,Vendredi,17.0,Appartement,2.0,
19.21446359522286,62.098638163319364,44.01573810744635,Vendredi,4.0,Bureau,1.0,
23.57201956694405,18.527442424639258,31.170297907972007,,20.0,Bureau,,9.365332711965674
16.251594429372183,62.627624368242884,,Lundi,6.0,Bureau,4.0,6.555323571487605
33.29776468135439,89.95309806165332,31.033023991229204,Mercredi,1.0,Appartement,1.0,8.117346048817392
6.8691760785666816,13.856963108844482,10.065605391121663,Dimanche,10.0,Appartement,4.0,4.9305586477932115
2.857043882683733,88.17393473770538,19.75688716321593,Mardi,,Appartement,,3.9358277903529064
29.086960768525714,42.55263685782965,1.972976644544966,Lundi,22.0,Maison,4.0,
0.06181273337536908,79.66027602698074,23.777301874341333,Dimanche,4.0,Appartement,4.0,
33.345014274827506,72.59083872466188,27.151229197883158,Vendredi,5.0,Bureau,2.0,7.940020275765077
-9.453048638958265,55.36130087893342,11.38748680516048,Lundi,23.0,Bureau,5.0,
33.64454720184376,,48.201442358275685,Lundi,13.0,,4.0,5.366475356824475
,80.28124490410784,45.4727305468621,Samedi,11.0,Appartement,4.0,5.130060675251826
30.1014401164132,42.331225732082636,36.107161772795294,Lundi,3.0,,5.0,6.438369750522022
13.746549908883495,36.16265292505909,26.66933143826813,,22.0,Appartement,5.0,9.488775492916982
34.68341582536851,63.40747084508678,43.498457982384245,Lundi,5.0,Bureau,1.0,6.007828696743556
-6.679154586907051,74.62767535530068,,Mercredi,9.0,Maison,2.0,5.632064034396876
14.923442798059437,70.98281078212926,,Vendredi,17.0,Bureau,5.0,0.9780678628793075
,73.82509190869075,,Mercredi,14.0,Maison,5.0,1.0976210221712273
,44.84666518503464,39.71053312747027,Dimanche,7.0,Appartement,3.0,
18.322938716086814,,13.788378412567848,,8.0,Appartement,5.0,0.8084723310716087
,19.616724429648677,43.85452905090945,Vendredi,4.0,Maison,2.0,
10.454347914549796,53.559127836867965,,Mercredi,9.0,Appartement,,7.37163788794265
18.240113603782856,10.460692839849726,7.439798470255782,Mardi,19.0,Maison,4.0,1.792534227100608
16.29414403653951,35.96686639202162,23.133780253269677,Jeudi,5.0,Appartement,4.0,8.442749557555167
30.552110472094505,39.31692278971183,49.049368908134255,,15.0,Bureau,4.0,1.9704673310380638
-7.954912884634396,41.69381532874043,24.17037179865733,,23.0,Appartement,3.0,3.361168076474909
2.6433435316503644,65.63737653518898,,Jeudi,2.0,Bureau,5.0,2.8652805420329677
32.76851678344514,41.08464810162766,29.436576106565994,Lundi,9.0,Bureau,4.0,4.036917436443954
,,18.766495395980094,Lundi,,Maison,1.0,2.919305775954638
10.504553875357082,29.0035304699462,14.28917777629351,Vendredi,10.0,Appartement,,5.145033801165295
,39.860143330347206,10.161154554304364,Lundi,16.0,Maison,5.0,4.370374872869512
,28.181570181052116,,Samedi,,Appartement,4.0,9.872410162403602
-1.5345478124307412,15.855673901475491,19.327025341151394,Lundi,3.0,Bureau,,1.031300326218144
10.866428222299199,58.275887470510234,25.56377311003756,Mercredi,16.0,Bureau,2.0,1.8507230756798405
5.900850261172376,63.4570238844013,,Jeudi,8.0,Appartement,2.0,1.0018459921317235
16.264525033289242,59.55922768076916,,Mercredi,18.0,Appartement,5.0,
,47.07952350404579,43.27885728122761,Samedi,4.0,Maison,2.0,1.017838135430336
33.847766344977494,40.38286241433838,49.03696717917147,Lundi,21.0,Appartement,2.0,8.446177505073171
34.37948350158213,79.06669196574602,20.379210428690847,Dimanche,23.0,Appartement,1.0,5.363416991478314
21.417277130888532,,41.37594610531515,Samedi,5.0,Appartement,5.0,5.50657243352457
14.124336485485419,48.33455021037848,,Vendredi,2.0,,5.0,5.835147823265845
3.928742732884748,,28.676447572778663,,21.0,Appartement,2.0,2.122730209909002
26.620775886812687,,47.80235718059666,,0.0,Bureau,2.0,2.3780578795876317
20.812902764924566,,10.02372577642014,Mardi,19.0,Maison,2.0,3.5287645672935444
-2.6822377294798914,41.90582247175204,5.46321051548107,Lundi,21.0,,3.0,6.138215950307589
30.99172330222291,56.413789538186585,42.69809834777111,Vendredi,15.0,Bureau,4.0,2.4961188714320377
27.014175931542603,52.68820373815028,21.957490831687416,,22.0,Bureau,3.0,1.6051514077659816
32.740996098136584,58.63240742347557,42.34844271035303,Mercredi,10.0,Bureau,5.0,9.716110420975106
22.6573778774762,71.19066092337026,44.654510259770746,Mercredi,12.0,Appartement,1.0,0.7088272406914177
17.603683817110543,75.03885909728749,3.122879680953572,Vendredi,,Bureau,4.0,8.125625350692205
8.82093663307785,,44.17323814930303,Samedi,,Appartement,1.0,7.98633392096271
31.972781750930594,86.44189567639478,22.415952768471108,Samedi,8.0,Maison,5.0,3.323534081528412
28.972875027518377,11.45860661410893,25.52162445021161,Lundi,11.0,Maison,5.0,1.7884528520694774
-7.965159845221477,25.662238854683686,,Mardi,22.0,Bureau,1.0,1.8834721437015225
-8.81348614762366,10.60502999825137,46.31913033650434,,13.0,Appartement,1.0,7.125600363753328
6.940851509512232,61.79797713236824,,Mardi,,Bureau,1.0,6.606662615318649
26.47489988518248,81.84244391599896,23.842173415890855,Samedi,17.0,Bureau,5.0,7.936083905388174
34.4274258191725,29.478583726103942,34.38610212152803,Samedi,16.0,Appartement,2.0,9.406071137791495
-3.2312399003412313,,36.135347884911425,Jeudi,,Bureau,1.0,
,14.821391223164868,34.6266215768554,Dimanche,8.0,,4.0,1.9805895972387129
7.140088548395969,,6.721756470406093,,22.0,Bureau,,
,38.12981497917075,14.96977941858406,Jeudi,9.0,Appartement,3.0,8.500840443294589
27.89535154110689,18.11366627593732,17.935776270850674,Dimanche,18.0,Appartement,3.0,2.4884077204249815
27.724791712001206,48.86974073490605,40.22186038397525,Jeudi,14.0,Maison,4.0,1.1889620110675734
11.091192190773661,30.542125417640634,13.937993620727651,Jeudi,4.0,Appartement,2.0,7.181160513401379
8.666877605194934,32.78983215695383,10.535248193360157,Lundi,,Appartement,1.0,4.3240003771563496
2.303318236881781,34.58319719410292,47.87240095190481,Lundi,,Maison,5.0,9.240380499186085
-7.463102650708279,,0.443164255673445,Vendredi,22.0,Bureau,1.0,6.677423175389785
,53.132902134020355,49.89104278409891,Mardi,1.0,Maison,5.0,1.3589802890207772
26.58054541085349,34.90461593248029,33.84106494286978,Mardi,12.0,Bureau,3.0,9.504637388909778
34.987295297875875,58.826702664873466,41.423464972455854,,,Maison,1.0,2.956294004582336
34.84865766832574,67.29205393785548,14.730969817309658,Vendredi,15.0,Bureau,4.0,3.7035186588597147
14.994426752118237,31.8099200586827,0.7157638833529989,Samedi,14.0,Maison,2.0,4.321473929993649
24.60443368312297,43.08392812202812,36.893475928076505,Dimanche,9.0,Bureau,4.0,
32.51445784470926,19.750887466955803,41.70722985003379,Jeudi,13.0,Maison,2.0,5.216896511190746
28.234132580483518,24.491947962774425,37.02380659767596,Vendredi,9.0,Bureau,1.0,1.6715256652152763
1.130664578443895,,7.142514365041929,Mercredi,13.0,Maison,1.0,4.309218103539342
,24.515067815650156,37.671396112848456,Mardi,22.0,,2.0,3.8317429859248007
-4.187826318182726,52.01307069336481,38.44613910538205,Vendredi,,Bureau,,7.841980792551782
32.93229622664251,66.72370093779462,32.92702578350274,Mercredi,13.0,,,
,18.55015384757951,38.30579663977931,Mercredi,2.0,Bureau,,1.9574223826963362
,55.38497757031229,42.296071983886605,Mercredi,,Bureau,4.0,3.982236280102649
,,30.680205711872922,Samedi,15.0,Maison,4.0,4.046855029802401
,,4.430235698483953,Samedi,1.0,Bureau,,1.938399217392808
6.117322311477821,48.683651737593976,24.381390483360544,,9.0,Maison,4.0,8.085308297986309
,74.47940398201266,3.8824667335802534,Dimanche,2.0,Appartement,5.0,7.218669119186521
20.22079380167598,54.01812337250094,20.37715155162154,Samedi,10.0,Bureau,5.0,
13.413846540670697,13.473002628385533,20.35532445628138,Jeudi,10.0,,,3.983858131641091
24.754327628103766,,3.300492207012079,,20.0,,1.0,
13.407357550039702,86.11226737653256,17.441026698473966,,20.0,Bureau,5.0,6.467962672383917
28.348167514334307,58.1289456117065,5.549904939565742,Jeudi,21.0,Bureau,3.0,1.6530332832118868
14.835807744851849,,40.41176050046111,Mercredi,12.0,Maison,,9.86637460193672
15.242208719092382,80.73651706787263,47.38440129822354,Mardi,6.0,Appartement,1.0,7.916479709534692
29.449412119625528,28.246381755914598,3.6158237628969303,Dimanche,22.0,Bureau,5.0,
8.156728979557865,26.96358719265813,47.75576036458507,Mercredi,16.0,Maison,3.0,5.996357356653867
-3.969314719721167,58.87847910807934,26.12882996683726,,1.0,Bureau,2.0,9.157747254055883
-8.704779565899747,42.882277584536375,,Samedi,,Maison,5.0,5.763943163760348
23.981176505312852,77.18890422933762,3.8431037638081755,Mercredi,9.0,Bureau,3.0,2.1577356207805742
,,25.03121340352089,Mardi,,Appartement,1.0,
,38.27371034421745,,Samedi,21.0,Appartement,3.0,8.509876217782582
-0.4166127320990167,28.949644717958563,35.354323863334905,Lundi,10.0,Bureau,1.0,6.62002365190137
-3.863283598595361,72.44204121950895,2.511300573198688,Lundi,15.0,Maison,5.0,6.6818816511711026
-9.345490044945313,,3.645091768395176,Jeudi,16.0,,5.0,8.734804114040648
5.7764401462968635,75.80914548109428,,Dimanche,18.0,Maison,4.0,8.992744045893794
16.54629590845849,43.89906029190102,14.764524702397164,,,,4.0,
7.650982029487956,63.403991943317635,,Mardi,2.0,Maison,4.0,1.401067335904983
9.686371491067806,17.642825106773454,14.05022494543568,Vendredi,20.0,,,5.6691970186494585
,59.90874597412584,40.17413716484423,Dimanche,15.0,,,7.534840451574027
5.671496016048515,46.14141429897833,,Lundi,5.0,Appartement,,7.690805028706631
13.129527012191485,56.92867705403793,20.255134726378323,,11.0,Appartement,3.0,6.263803918715037
25.26438557335144,23.441136619589074,45.30555010662486,Lundi,10.0,Bureau,5.0,2.0844796842449047
7.844425204457156,68.94989959553456,,,14.0,Bureau,,8.075495262445811
,79.02376620345828,23.82184931718958,Mardi,14.0,Maison,1.0,
28.80636689360353,27.339184007262052,11.301449890799987,Vendredi,15.0,Maison,1.0,1.3182898297158447
32.72842806459389,17.657164441612938,32.0238021087922,Vendredi,9.0,Appartement,1.0,4.9061933344065745
,11.891086883706912,48.94905575874044,,11.0,Maison,5.0,2.152785295457134
31.696443132267248,,30.17465480216893,Dimanche,12.0,,2.0,3.706031934273233
12.145233188579219,,17.890704205677444,Mardi,3.0,Bureau,,0.6717703759540117
1.6209974734531265,53.7357930171256,32.39087229952642,,6.0,,3.0,4.303133749902203
10.661109030721757,28.555767689278035,6.146033923269378,Lundi,21.0,Appartement,2.0,5.723830750983999
34.101465887846466,41.27247967244117,44.432954013269935,Mercredi,1.0,Maison,2.0,
12.16781422967913,,,Vendredi,14.0,,3.0,6.803158278722746
4.79382246293787,49.741348708733554,22.467487101982105,Mercredi,7.0,Bureau,4.0,
18.50303844425266,89.02284161719098,29.29323942267596,,6.0,Appartement,1.0,2.5468976191194352
0.8065528450186878,20.91518020453865,31.239193139470125,Vendredi,14.0,,,1.6445773131654455
-6.586150235110123,65.6115643238075,3.5887903113256514,Mercredi,22.0,Bureau,3.0,8.589603133030295
,42.34550144834337,34.13086106117012,Dimanche,13.0,Maison,2.0,1.987821741480174
-4.23793724690024,44.25596919404918,,Jeudi,7.0,Bureau,4.0,9.760220772693856
-3.1643787919467545,67.4078212526541,,,11.0,Bureau,3.0,8.504113179287051
,65.39489210594957,41.12673971920984,Dimanche,12.0,,1.0,5.258327755951192
18.839363516144658,,40.197925377626014,Jeudi,10.0,Maison,,9.82350353675924
-1.8153962020384835,20.27154315633002,27.625048370394456,Samedi,16.0,Bureau,,1.42507892652604
5.555027749573844,18.328771950733305,26.008494615537558,Vendredi,16.0,Bureau,5.0,3.379124731163466
30.35547844577053,67.94710537029928,7.143798066970586,Mardi,23.0,Maison,3.0,6.563131942885809
11.328273811829256,,38.76730752015678,Lundi,3.0,Appartement,1.0,
20.040098233446223,31.932853324784467,13.570469022335718,,20.0,Maison,4.0,9.319539243817522
-2.2456057959266573,16.35354951911893,24.834771140897328,Dimanche,7.0,Bureau,5.0,
-1.3469941536098151,16.852659967714445,14.213704646375835,Mercredi,4.0,,4.0,5.719412404579163
-8.16091226800845,81.53526997312946,,Vendredi,15.0,Appartement,1.0,6.113229540253588
-2.3979221617525956,25.34938597749943,31.47788484458683,,,Maison,5.0,6.700917175883629
2.536565256438138,35.86972496924166,,Jeudi,21.0,,4.0,
-2.0345282075463933,28.13251217815904,37.43226170631,Mardi,14.0,Maison,4.0,3.9633810614387124
-6.0083859809324975,38.39970446655499,15.879339763055834,Vendredi,,,5.0,8.514965031817287
-4.571385800472964,15.55390741968747,0.006734650224266003,Vendredi,4.0,Bureau,1.0,2.351956305216518
,,,,22.0,Maison,4.0,8.355244548146938
-0.714982671739337,15.409005087377192,2.3425954263801563,Samedi,15.0,,,5.8452265175760525
6.392143747163395,74.02852062578893,13.808477891044973,Mardi,13.0,Bureau,5.0,
12.65377718846856,28.696966552834642,35.348824372785806,Jeudi,9.0,Appartement,2.0,7.279269979502979
21.067767288321438,53.20095316836085,3.134481081093293,Mardi,6.0,Appartement,2.0,2.4713592061563503
-8.230953707150547,80.40632700491666,41.96692461780012,Vendredi,12.0,Appartement,1.0,5.903720996121792
25.973467950906922,62.07018952377553,0.1909961329291554,Vendredi,19.0,Appartement,3.0,8.743369951648377
18.25551752709085,52.636622924106824,12.341193460095113,Mercredi,4.0,Bureau,4.0,4.6051042496183285
-6.320843562300764,35.94670024923005,37.04520280760357,Samedi,2.0,,2.0,9.682612317121508
29.311038084804977,36.64015304465583,15.813507486465339,,14.0,Bureau,1.0,4.796043450966321
31.439258023931593,63.55895641585521,5.094619403300676,Lundi,3.0,Bureau,3.0,1.8564635483449046
-7.251491806531131,89.5311488976934,18.011695940021394,Vendredi,14.0,Bureau,3.0,4.199629460737896
2.459494166624168,62.94713518795029,13.519664319226276,Mercredi,13.0,Maison,1.0,9.541172860710104
,,42.13559510802774,Mardi,19.0,Appartement,,3.5373480687286154
23.671686067264623,68.45204081913968,,Samedi,18.0,Bureau,4.0,8.746932518737097
-1.6965541289630206,47.21644898269745,,Samedi,12.0,Bureau,,
-0.5792804498480368,14.811387408062817,44.593607240536734,,9.0,Appartement,4.0,3.8267719811536303
,,21.690870978826478,Mardi,,Bureau,,
11.803534333595959,86.61002276043041,45.4971571927196,Jeudi,4.0,Maison,5.0,7.383300137008773
17.821464718863318,24.024235388612773,,,,,3.0,3.4593668406328675
6.601113780639757,65.20039126565325,48.20392082450541,Dimanche,19.0,Bureau,3.0,
10.814062225991655,26.074695092724518,4.464476226278647,Lundi,19.0,Appartement,3.0,4.705221058474114
23.636192216019047,52.8662147578465,,Mardi,,Bureau,5.0,
-8.349255869923095,17.73411597173757,24.690702022846434,Mardi,3.0,Bureau,4.0,7.8901393641111
1.3596624954809347,46.02967490065481,19.382440272782354,Mardi,1.0,,4.0,4.132451645085466
22.100731364804858,70.49306631161969,31.635593937430045,Jeudi,21.0,Appartement,1.0,4.709709780567688
30.28430769592397,37.80572193911857,35.19285458171656,Mercredi,15.0,Appartement,5.0,4.07380945331141
13.025484895204976,63.19293795897744,0.21816348251545437,Mardi,17.0,Maison,1.0,3.9897348951341596
13.945106836939203,,8.347654437359935,Dimanche,4.0,Bureau,5.0,5.496492480563864
-5.177259489710078,84.17422555835621,35.65230253171593,Mardi,21.0,Appartement,1.0,8.183594722760931
10.13355650705546,28.771366548436283,33.31927067891032,Samedi,3.0,Appartement,2.0,3.936798963264376
13.967776990476043,41.94527326474465,,,12.0,Bureau,3.0,
0.9111726635628354,22.193281066433393,38.05188951253915,Samedi,18.0,Bureau,,6.871909591704708
,,47.5386353865669,Samedi,,Appartement,4.0,3.0596747398847226
,84.16007743394363,35.127025076740345,,1.0,Bureau,2.0,3.136466646572729
-9.096796100002313,53.196570422444765,14.902610431972157,Dimanche,12.0,Appartement,3.0,9.36742470672282
4.493562451243022,77.3626635501137,5.2682461125428235,Mercredi,10.0,Bureau,,7.373578446645342
,51.67663818176337,,Samedi,21.0,Bureau,2.0,5.9832734241214345
4.737380848006159,59.88685504022078,32.2074610737958,Mercredi,,Maison,3.0,
-4.610704068133695,17.12995456928133,2.4093006196648115,Samedi,21.0,Bureau,1.0,0.7783447094824745
30.07372763329527,70.42163363974464,18.002523295048917,,19.0,Maison,5.0,6.37197817283612
16.71166040993219,20.217078690818788,47.83999077421431,,19.0,,2.0,5.340334295629918
20.559604361502032,76.08541042020227,,Samedi,14.0,Appartement,4.0,5.684621957904639
25.512705737330222,,21.636456800985233,Vendredi,3.0,Appartement,2.0,3.9145263548927622
12.429898951807576,66.69957581943811,22.8849802579647,Jeudi,8.0,Bureau,,1.2740020282729478
-6.088587036065934,12.89283044198097,10.444136200258185,Vendredi,,Bureau,2.0,2.336722719314496
14.169794381834649,34.250268475626285,18.43535854323976,Mardi,18.0,Appartement,4.0,9.532074775520382
16.407850310939562,,,Samedi,18.0,Bureau,3.0,4.382645841573872
23.544776338294852,38.810912597721526,,Vendredi,5.0,Maison,1.0,4.93348998039321
9.424679580335571,17.011419741107083,38.37838142589591,Mercredi,5.0,Maison,3.0,1.0007430036076705
-4.258886374199631,,20.82522159519395,Jeudi,19.0,Maison,1.0,0.8568791806678155
,54.3041792569901,41.10899434082116,Dimanche,14.0,Maison,3.0,7.313223746944198
6.338703337938579,34.44194485264188,42.51740005599477,Samedi,14.0,Maison,3.0,5.611899309150557
,41.75852136594267,10.599702734932903,,19.0,Bureau,2.0,5.332706850054533
15.685023710101035,45.77620324038685,32.86767410850643,Dimanche,8.0,Bureau,5.0,2.8096830390153524
6.024352665403082,58.047546668849385,23.614090208149086,Vendredi,3.0,,4.0,7.575131950484261
34.39318619568409,51.25435421571982,,,17.0,Bureau,,2.0982475015306727
17.259866871059923,83.55135785715339,10.787033958822706,,17.0,,4.0,2.30438006477969
0.6752056281197518,49.75707863246642,33.89066001550221,Jeudi,4.0,,1.0,4.876765627808617
-5.419788732081832,89.372641185865,30.387606112636128,Dimanche,19.0,Bureau,4.0,3.2196586900634383
-3.1213387367050585,78.11399661960766,14.76507387859164,Dimanche,22.0,Bureau,4.0,2.85089832171489
1.0680977773028655,26.680841148586865,6.830045182558631,Samedi,,Bureau,2.0,6.62975762325665
-2.769338203319995,84.4476171715133,32.58198802386383,,4.0,,3.0,6.684231579576172
-1.6044839176912404,19.309311830838087,36.92987290661654,Mardi,21.0,Bureau,4.0,8.332912163099326
2.8292825912231194,75.39597667929533,15.7813671881675,Vendredi,3.0,Appartement,5.0,
-2.198188211736033,,,Jeudi,11.0,Appartement,4.0,
30.354444108189135,,19.75654538057516,,1.0,Maison,1.0,3.099830656753848
-6.3894814452261,,35.66034416413088,Lundi,,Appartement,1.0,
13.60301253066146,74.4740320094097,9.960763744702655,Jeudi,9.0,Maison,1.0,6.164456464710669
8.467857214534767,,,Lundi,,Appartement,4.0,7.242502305609692
,34.37433112784326,14.370479823278986,Vendredi,9.0,Appartement,2.0,
-4.9582494024376444,16.473542644100174,,Dimanche,6.0,Appartement,5.0,5.422954455733948
7.903501957058374,42.23841430121291,2.9045976040174892,Samedi,3.0,Maison,4.0,0.8565222465521296
33.6261694973916,,5.57561061606382,Samedi,18.0,Maison,2.0,5.907687014868756
28.94782066522911,65.59608711219694,,Vendredi,9.0,Bureau,,9.247323071542716
26.7682431927176,37.687978123022845,,,,Maison,4.0,9.699981739753875
1.6056272170222918,88.04881606879319,41.77401128710972,Mercredi,20.0,Appartement,4.0,5.635250416194779
-2.3100585674470384,61.27776618762656,0.7346694327476921,Dimanche,18.0,Appartement,2.0,4.852945649896052
20.088944896599394,75.79844509074887,18.95470243359681,Vendredi,20.0,Maison,2.0,
31.82191951074136,,16.867277338454635,,1.0,Maison,,6.899293403968604
,78.9611585818098,0.9663815458800518,Samedi,19.0,Maison,,1.11654315561489
15.722571026145495,83.82057524107155,,Mardi,9.0,Bureau,2.0,4.924392987841227
2.5990592147127884,48.96495350551487,20.682133745931765,Samedi,1.0,,1.0,
,,24.64322922237233,Lundi,1.0,,4.0,4.963141053762475
-1.583031314911448,71.18478407223964,20.214487362743455,Samedi,23.0,Bureau,1.0,4.826922934060437
4.565565638190966,23.987090180833004,26.546883920604692,Mercredi,16.0,Appartement,3.0,
9.144639737738753,,29.756583745284075,Dimanche,15.0,Appartement,4.0,3.889319658317887
12.842467040800475,41.89304222178505,0.4961910563917815,,15.0,Maison,3.0,2.0605692698313165
0.9084379586786113,21.70991937297993,23.204757972675193,Dimanche,13.0,Maison,2.0,5.285334628604584
-4.832342886735841,39.40275378332252,,Vendredi,6.0,Bureau,2.0,
17.477901909873466,15.453784750839485,25.951614006477435,Samedi,,Maison,5.0,6.808116166642222
2.9883748958115106,12.064952555958959,33.87711337294766,Mardi,10.0,Maison,2.0,3.7144947262895505
,20.81330313238582,15.59319289584416,Mardi,23.0,,,9.387468716209144
-3.0536778126608963,,38.699568907638124,Mercredi,0.0,,2.0,9.16597192686723
11.651304583466786,53.96236287160136,38.64607409380575,Lundi,10.0,,4.0,2.4888097941489384
13.966524464821365,87.2657728922576,26.064802382706947,Samedi,,Appartement,2.0,0.8744670586434482
,,48.80069116396068,,20.0,Maison,,7.5424327293322415
5.147192518726426,34.945290646820766,6.277510738132669,Samedi,3.0,,,8.362297482816956
-3.9513395377461595,50.49134902721953,0.8473832444790497,Mercredi,6.0,Appartement,3.0,9.694713376537875
,,38.5079105878548,Jeudi,14.0,Appartement,3.0,8.953445743838952
34.54821045754753,,40.35777686824413,Jeudi,17.0,Appartement,,
4.505923023862534,61.266105175216495,6.0103614560288126,Mercredi,11.0,Maison,3.0,5.535497222517618
,,13.279141647930304,Vendredi,16.0,,3.0,0.7644899869945698
1.4588294643693729,59.56703639182636,0.8776181683314455,Dimanche,0.0,Appartement,5.0,2.8432362450253894
20.667622500076817,,14.665430539028234,Mercredi,10.0,,4.0,4.866340141462801
24.210253695035895,,38.657093695933575,,0.0,Maison,5.0,
16.803743327352993,14.907970168853453,,,14.0,Appartement,1.0,5.793892416524901
,72.46092688547519,17.404779658414405,Mercredi,20.0,,5.0,7.55504190197606
8.532841136627084,46.78403390154561,18.586964745316514,Vendredi,9.0,Appartement,2.0,3.157785843426888
5.699071994434789,14.653103640438063,0.0676812857734077,Mercredi,6.0,Maison,4.0,5.867049772698496
31.828811491152166,,14.990026378261796,Mercredi,1.0,Bureau,2.0,
27.377873350447814,,,Dimanche,9.0,Maison,1.0,4.429822474040466
,65.60281830868425,48.70972219081786,,23.0,Appartement,4.0,
-4.406624943150487,88.69431402107308,42.353041349194974,Vendredi,,Bureau,3.0,7.087308107575918
22.889036384163994,29.13440833727405,1.1797482322764563,,11.0,Maison,5.0,9.9111060031357
32.225320556946706,21.379949494975694,44.928030233741964,Lundi,18.0,Maison,,
-1.8445120225452936,,39.1599206649313,Mercredi,10.0,Maison,,5.232798342152802
-7.007667968495013,34.262011805407646,39.01880617854902,Jeudi,7.0,Appartement,3.0,
23.35042921805266,18.083664880851735,22.899787950178574,Mercredi,17.0,Bureau,5.0,4.68572958356216
15.851290093096036,65.37290733553056,19.90026464772514,,10.0,Appartement,3.0,8.641026233759186
27.882294954122244,14.983343850405015,15.14578644165963,,10.0,Appartement,,6.999986214290622
-3.7102430518169722,50.75377025198318,3.284742947718289,Mercredi,12.0,Appartement,4.0,8.883191317802027
25.787029033695056,89.73574830823814,11.411768174684955,Samedi,2.0,Bureau,3.0,2.433355529152921
-0.9267705978514957,,12.33018174890123,Mercredi,11.0,Appartement,3.0,8.796930619493661
-2.6354825710432976,59.21755505848087,24.20385348551008,Samedi,2.0,,3.0,1.067741604694652
,34.500289662928935,37.3722203298347,Dimanche,9.0,Appartement,4.0,8.941693164152948
,59.91166690333108,23.69049141989733,Jeudi,16.0,Appartement,1.0,3.626200904876915
19.933874931329004,52.163317112932134,2.8922224723580303,Vendredi,21.0,Maison,5.0,3.4885825174336316
13.537944114610369,44.086670711229715,47.88949004941019,Mercredi,1.0,Appartement,3.0,5.364841478637307
6.147371785557613,20.45683013921596,47.13621595470561,,,Maison,,9.436556783370701
,80.92833721923733,39.25947715742042,Samedi,15.0,Appartement,1.0,0.953922964473351
7.660029834018591,45.9827719057058,49.56639507821103,Dimanche,1.0,Bureau,5.0,3.8461942631720802
26.746974776220966,25.569800945661207,27.224116640013147,Samedi,21.0,Maison,,8.63743389249169
9.76107088565983,39.420748070183166,48.138417512660304,,19.0,Maison,5.0,4.262517535636934
6.9624993241208415,43.130380202314164,,Lundi,5.0,Maison,3.0,
10.820590355132289,76.20303164534994,18.284037413068567,Jeudi,9.0,,1.0,
3.5620043373863943,,11.269063400338291,Dimanche,9.0,Bureau,4.0,4.162748764170859
,,9.7916542067135,Dimanche,,Appartement,,
12.622417554161562,10.882501154291777,7.040147444633805,Mercredi,0.0,Maison,3.0,7.738376569559422
0.4495712816067794,43.29231985438092,31.120682078299833,Mardi,12.0,Bureau,1.0,5.298597779568061
30.48085579735558,48.50753213082589,39.06609278736525,,23.0,,1.0,9.889520383854926
7.275104961794515,11.535382145844535,,Mercredi,,Appartement,2.0,4.920136547121271
14.459878750129487,30.785056699602737,7.348135479410484,Vendredi,21.0,Maison,1.0,1.0532593927926146
30.79124499340461,70.8231858497708,40.55618849667354,Vendredi,9.0,Bureau,5.0,
,20.968776458319923,31.797735358186426,,14.0,Appartement,4.0,4.64266956208347
,52.824810516207336,19.408285306349775,Mardi,4.0,Bureau,2.0,1.990574929388141
32.29244556260638,27.216149761379,33.70651477680315,Mercredi,21.0,Appartement,4.0,9.501868700078408
18.246862388213803,10.969661971511462,12.995248962141643,Lundi,15.0,Appartement,4.0,7.785064529268844
5.070752659568875,,17.259610424710527,Jeudi,,Appartement,3.0,3.0487284040638403
-3.7327567301475737,88.0699003928043,45.87429215659951,Vendredi,21.0,Maison,3.0,6.1126430684202
25.73113351716332,74.12296895063916,,Vendredi,,Bureau,2.0,7.353766992540934
17.903274016783108,86.76613154568267,23.49941340789683,Dimanche,,Bureau,,9.442149824614582
14.005749138934469,49.028323514109,44.507056869800735,Mercredi,10.0,Bureau,3.0,8.875535817166401
,18.778895894200282,35.386067513376375,,8.0,Appartement,3.0,5.39432614831303
25.486874505103884,53.83675911789544,3.1101613082351376,Mardi,15.0,Maison,4.0,7.859199888033667
-3.174630412026197,46.350186764796874,,Mardi,1.0,Appartement,2.0,5.840375161362058
4.02749305079967,77.54856661916928,,Vendredi,1.0,Bureau,4.0,5.750686955432631
1.1820112916509586,17.846606462739565,31.54608951145817,Mercredi,11.0,Maison,5.0,1.590048604212823
23.47758316577046,49.059290961742256,22.383671270520917,Lundi,7.0,Maison,4.0,1.6983077511534446
-8.491040436889929,22.00389317551874,6.713742545113776,Jeudi,8.0,Maison,5.0,5.5305693427133455
,35.974074151204796,47.896706052838525,Mercredi,,Bureau,1.0,
24.310640858331077,68.98856619102398,26.482986197280994,Dimanche,8.0,Maison,1.0,0.699850573374452
29.454453654278723,48.081450349501324,12.094664705644458,Mercredi,9.0,Maison,5.0,7.366972437052016
5.393678692215836,40.07106281166155,,Samedi,1.0,Appartement,,0.8086226685565672
26.956578710240578,,33.98101663675539,Mardi,15.0,Appartement,4.0,6.155129990488518
-5.021571837015674,,,Dimanche,19.0,Maison,5.0,5.622341044209486
28.090353128053316,72.80132350696455,13.7351907523946,Jeudi,6.0,Maison,2.0,9.703739560489142
-4.263010195060791,81.36677511521876,40.34827454419968,Vendredi,1.0,Appartement,1.0,5.100024823802595
7.877928075216527,86.42677492031426,22.983243520133062,Dimanche,0.0,,1.0,1.104213645589075
25.878291460079915,72.9522709004236,27.328857101614744,Mercredi,18.0,Appartement,5.0,5.741035694161386
-3.25371576930518,35.23255165984102,21.640800110473464,Vendredi,3.0,Bureau,3.0,8.490413620852964
0.31631278546886676,65.05077648692337,2.194997132150256,Mercredi,23.0,Bureau,,9.97006820067368
,45.008249924431354,8.287488991007796,Vendredi,21.0,Appartement,5.0,4.588260150046189
22.401644144573346,30.373649763684092,22.277081937094543,Jeudi,1.0,Maison,2.0,3.542838053719054
18.85164347983838,77.26972635407381,10.459273270396391,,13.0,Appartement,,9.11320632104399
21.2276800010195,13.074107916986,2.4989514329839366,Jeudi,1.0,Bureau,5.0,2.316800226223153
,,42.182483202591186,,14.0,Maison,2.0,6.346574692812803
,46.91819716997873,49.05962645820579,,11.0,,2.0,4.3542870297190035
5.556319707676375,60.976118144662436,39.65714369983697,Mardi,4.0,Maison,,0.8902824670777751
,62.748313776462616,42.68924608523335,,19.0,Bureau,2.0,3.7992405059041285
,81.60941925652291,12.098856515852269,Samedi,6.0,Maison,3.0,3.0196709637754084
16.25263076447542,60.93357457337659,48.031348775659986,Lundi,23.0,Maison,3.0,7.017865962463125
8.038313754363795,59.114686780804945,9.846285222671419,Samedi,20.0,Maison,5.0,9.513509728073222
10.79026116398597,15.332163244855197,47.571490518091615,Mercredi,9.0,Maison,5.0,3.0464482800970587
32.62775028253169,51.47264175561632,49.74096469829755,Mercredi,13.0,,2.0,8.208926421940976
-3.099186859776391,22.01352006536333,35.586140287302435,Vendredi,13.0,,,1.0259182609148905
16.380342440755875,68.99470149771885,49.0571865895911,Mardi,,Maison,4.0,5.612149595378225
12.76499054980097,50.97775366501396,,Mercredi,17.0,,1.0,1.1702256052439985
17.515440594559152,64.41822233666826,12.977089158804517,Dimanche,23.0,Bureau,2.0,9.373313415741073
-9.185041728062178,13.333832048190741,,Samedi,13.0,Maison,2.0,7.780337165295207
29.24557590248682,,29.678046768939296,Mardi,1.0,Maison,1.0,6.750524156443627
31.945322711762557,67.30587104501458,3.6540781013507493,Dimanche,11.0,Maison,4.0,8.32701562543431
15.430993261514402,,,Mercredi,21.0,Appartement,,6.6514380579165495
21.34928707446015,15.700538221220688,49.058891838114725,,,Maison,5.0,9.704971773155766
31.512472152978305,,9.505382489186381,,5.0,Appartement,3.0,7.2826005047153295
21.825738544102936,86.5201118639584,39.62975581441916,Vendredi,3.0,Maison,,9.284256791031344
-3.1357430688582397,69.00066875672056,,Dimanche,12.0,,3.0,5.412752974101061
15.932976207506591,38.260112680165136,47.18507964101104,Lundi,3.0,Appartement,2.0,1.6121119233276953
17.302177087228515,33.72284650301242,48.00678022027236,Mercredi,21.0,Appartement,4.0,
9.085880208607371,37.97625837966797,,Dimanche,13.0,Maison,,1.7052918665993864
,,48.865395399575185,Lundi,15.0,Maison,4.0,6.128688052175848
32.04651566460567,62.90964888563315,37.86551035672194,Lundi,3.0,Appartement,1.0,5.083684075012798
,24.815645429397435,8.083571811848095,Samedi,23.0,Bureau,5.0,6.414466279411426
10.287771713185943,23.928746826726748,23.8450053233985,Mardi,0.0,Bureau,,0.5954463200209001
,17.871651977071785,35.9165587686002,Samedi,,Maison,1.0,2.3509846707259587
34.317853953305054,62.82421757610705,12.367015790954166,,,Bureau,,5.167639103165244
,71.14981297773888,32.03075917744437,Lundi,,Bureau,1.0,9.529783835096781
-4.390179345852992,31.203714266000322,33.33002395233096,Dimanche,17.0,,2.0,
31.437884717781756,11.675596882473025,8.134987190428294,Jeudi,5.0,,,4.531534247509529
29.145336292795776,16.573733398114186,28.254265622637813,Lundi,2.0,,2.0,7.28961284556291
13.347712570673245,87.42880278760244,38.581345548930386,Dimanche,22.0,Appartement,5.0,
16.607394608521815,33.63558219819362,24.944783226797096,Jeudi,12.0,Maison,5.0,3.3397984259341658
7.955121674155862,71.53785182705069,0.6051558388053713,Samedi,15.0,Appartement,3.0,4.402755757890564
-7.5357262530085904,59.9730855083411,0.45192345396460887,Samedi,4.0,Appartement,2.0,
5.083875874065541,40.555171172231674,17.851467198500607,Mardi,3.0,Bureau,2.0,9.67720386173698
26.128405186910513,26.45498097564441,46.3097034215891,Dimanche,20.0,Bureau,3.0,1.7410266247949175
-9.791558964792872,19.710913452752514,11.433838980180438,Lundi,7.0,Bureau,,4.032449453380985
5.007462726101489,59.20103744310933,31.718184443584356,Vendredi,18.0,Maison,2.0,0.7454702360901063
7.917591211592448,71.97070245102304,11.103793534666028,Samedi,13.0,Bureau,1.0,2.6069051733686908
,61.512340283290456,16.08349948297743,Samedi,6.0,Appartement,,7.914475814611472
31.39350273857422,52.42417065993266,,Mardi,13.0,Bureau,2.0,2.411164706744355
,13.356097874530901,36.443072113497344,Jeudi,5.0,Bureau,4.0,1.2606023240251731
5.612894085330247,87.47910220755071,4.769963865660531,Mardi,11.0,,,5.007305208522971
23.187556164938677,73.89713533236596,21.43510104932168,Lundi,15.0,Maison,5.0,0.5947077299779258
10.349807340041323,33.42576293607718,1.4584881822632234,Dimanche,16.0,,1.0,1.3052784670501651
0.10721703229918766,88.39762634870806,24.04450733015045,Mercredi,12.0,Maison,3.0,
10.359778225971201,58.15052717090577,33.121700585053404,Mercredi,22.0,Bureau,,
-3.6614340829090066,,,Dimanche,,Maison,4.0,9.193818793846512
-2.062585607219951,69.84585435436257,14.444246945458284,Jeudi,6.0,Appartement,5.0,8.61789664115212
12.426549773276587,74.941583047211,19.891831275107847,Samedi,13.0,Bureau,,6.990167850778272
,62.518288586520214,45.976551232802485,Jeudi,14.0,Appartement,4.0,0.997162144356297
,20.247659709296002,49.662750771148204,Samedi,11.0,Maison,5.0,7.937061870873246
6.307725460248491,37.06140047955987,2.2455649497807926,Samedi,16.0,,,8.532352702985325
,,38.0503961747696,Mercredi,8.0,Appartement,2.0,8.091280384833567
18.451892956378867,27.969248947508156,18.58620332011716,,,Bureau,5.0,5.330550835426248
-9.410749453524986,,,Mardi,,Maison,3.0,2.712567467170076
19.85918174075198,44.56615063553568,37.71324866735114,Samedi,11.0,Maison,2.0,
-1.988381490861185,45.15239917555618,45.921321607270436,Vendredi,1.0,Bureau,2.0,
33.24816428612548,59.03516659956204,47.54642972512742,,,Maison,5.0,9.81723115669409
-3.3101772511099172,85.4460670195766,28.856129301916038,Mardi,12.0,Appartement,,
8.658085567716068,29.2554169466004,17.85605796502514,Vendredi,,Maison,5.0,2.643813538994523
-6.159264936461026,19.720110104073445,39.377454292938964,Lundi,22.0,Maison,4.0,2.5120824238742756
34.85934133306763,25.797639188794985,,Samedi,7.0,Bureau,,8.029127792402699
12.598775464905916,80.95399201674157,,Mardi,13.0,Appartement,,2.2756193162761225
,61.664865012416485,,Jeudi,14.0,Bureau,,1.133268383321408
-6.981558517520764,,32.83155368539381,Samedi,10.0,Maison,3.0,
,75.27575511748938,12.019945644675346,Mardi,0.0,Maison,1.0,0.7357635087289169
,78.90959970907488,9.579647286741288,Mercredi,20.0,Bureau,5.0,8.434818571509224
,,45.91195433377185,Jeudi,2.0,Bureau,5.0,
-0.7687161783096776,83.51412269116436,5.090184147476845,Mercredi,16.0,Bureau,2.0,8.495346867699245
-1.4190525701350047,,25.297895386746582,Samedi,18.0,Appartement,3.0,5.768894666505878
-8.35526494683573,70.40335429970227,11.042639148150446,Jeudi,13.0,Maison,4.0,9.065496680120422
11.243012529949965,46.8431597819312,1.9464981662833725,Vendredi,21.0,Bureau,,9.298833370938953
,77.35988423120492,1.8009409145713196,,,Maison,5.0,0.586432722167372
-7.043111225724143,68.27925417292906,8.761088605291366,,7.0,Appartement,4.0,
24.898742751275478,72.11579571997797,43.338517725300015,Lundi,12.0,Appartement,3.0,2.878407930923127
10.397997563661242,62.49294701448572,14.123937198851333,Jeudi,,Appartement,1.0,
13.597562119741102,24.19430155757655,47.52295852876479,Jeudi,,Appartement,2.0,8.938585866859308
9.834323612220267,53.60215351175506,29.08111464945968,Dimanche,4.0,Maison,3.0,4.869448537292646
8.03433773938967,88.77357916196065,21.830709488438305,Samedi,,Appartement,3.0,6.266244604605522
15.183814908869806,84.99104531976951,29.00444173347273,Samedi,,,1.0,2.290748601557831
-3.0141889331179375,,25.834919261313388,Mercredi,,Bureau,5.0,8.147184921876011
-1.8132341277128,23.18518525835497,,Dimanche,1.0,Appartement,2.0,9.689617057857962
28.78035294560828,20.538301876364955,14.124803298642613,,12.0,Bureau,,3.0516898626886757
32.575195796013475,68.07839279882364,17.65251958001512,Mercredi,4.0,Appartement,,5.20084654020519
6.798919232588883,75.4228263885556,44.704715126662535,Dimanche,7.0,Appartement,3.0,1.318103049810551
2.1835102914599194,27.080909304853755,47.322825657520276,Mercredi,22.0,Bureau,2.0,5.8117982363982
18.97997944575571,50.46821543614632,,Vendredi,0.0,,3.0,5.276442697543465
8.39303769941434,77.256242240896,20.97239969786568,Dimanche,19.0,Maison,1.0,1.8721465994732371
-8.857613995284481,,39.01827515034408,Dimanche,11.0,Maison,3.0,4.6996290246217125
-2.9731331185214334,53.378976439347866,23.81678666505494,Lundi,22.0,Appartement,3.0,3.673994194822351
22.21875029813289,57.22781523670183,24.87699260730511,Mercredi,10.0,Maison,4.0,5.457393315399298
19.651577385956813,50.6688437533024,,Mercredi,6.0,Bureau,1.0,6.0637161865735925
-8.780680337343243,33.803876105505644,29.556515162925823,Jeudi,14.0,Appartement,1.0,0.5807079967684903
-0.011252713017274374,55.20175942872129,9.306794887667397,Vendredi,,Appartement,3.0,7.729556838020776
,,16.57823495335969,Mardi,,Bureau,4.0,7.2736357726865375
20.23517346194278,79.86583326886462,42.75151008099676,,10.0,Bureau,3.0,3.979720668961961
-9.113025801053613,60.903308318339846,10.353790460542761,,21.0,Bureau,3.0,1.0028913879037735
-5.315113810694177,70.88972296345264,3.557914258671641,,15.0,Appartement,2.0,7.671859127957979
25.996223841793523,22.80573079636584,3.450379630640815,Dimanche,2.0,Bureau,,9.574164024542258
-1.9654902075549874,46.92459795358319,47.03922602515539,,19.0,Bureau,,2.781440162209135
19.37357485333436,10.746529586167464,25.34602189809173,Dimanche,13.0,Maison,5.0,3.57348383050186
0.718225147102693,29.73430916172984,20.470603590850917,,2.0,Maison,2.0,
-5.525137325829467,68.11693720904039,40.543929050395924,Vendredi,0.0,Appartement,5.0,5.980893171775977
,,41.7912963955258,Samedi,20.0,Maison,,1.970993249150822
22.50201193350466,17.934247966977274,16.60955165578023,Samedi,14.0,,2.0,3.8838424628831048
,42.11954526890306,34.68090287368976,Jeudi,0.0,Bureau,2.0,7.121623632375498
,74.00567749593276,38.55614079259433,Jeudi,16.0,Bureau,4.0,5.82110183858881
7.873258832830466,26.32285077031191,32.73253434329773,Dimanche,1.0,Maison,5.0,4.171394361115385
20.063831145679078,54.4067959441829,7.579753740004969,Vendredi,19.0,Maison,2.0,4.492371217171648
-0.7757067062880569,68.64570368237398,43.79415417585285,Dimanche,5.0,Maison,2.0,
3.1916478617455972,59.278836020814325,,,7.0,Appartement,4.0,0.5557149149280324
,25.04197876923329,14.123621318500184,Lundi,15.0,Appartement,4.0,
-9.414913442016879,38.43076549485915,21.261409271884695,Lundi,18.0,Appartement,,8.871951643748611
-6.152116111548937,72.70334275883178,1.878554519945369,Mardi,0.0,Maison,1.0,1.2398503963672622
-0.6451185184287702,54.33812113056133,6.3933400611208775,Samedi,2.0,Maison,1.0,7.214634163999799
,10.418369083433019,38.277337525793044,Vendredi,2.0,Appartement,,9.240362559035999
-1.8354054209591215,70.8792608022475,0.0005817377683070557,Mercredi,4.0,Appartement,2.0,3.0714942408664454
16.236870243636147,12.824908395219126,20.82829142411461,Samedi,11.0,Maison,5.0,4.019668652065386
8.964104776662406,69.65870261849858,26.125509054279423,Mercredi,11.0,Bureau,2.0,5.904753355524805
30.170226998463868,26.19844481321899,2.7317210000486147,Mardi,19.0,Appartement,5.0,8.876235211566554
26.78496027822984,86.64587840955042,48.653908148616644,Mardi,12.0,Maison,5.0,9.448103078973991
5.38178082640442,39.43526010416676,11.306266562483597,Dimanche,19.0,Maison,5.0,7.525850857057047
,36.15452930704633,15.209935981814043,Jeudi,8.0,Bureau,2.0,1.3228877281195932
7.086158367527009,21.911044026595576,,,6.0,Maison,4.0,6.856964477581083
16.56327241316635,34.44833723921719,11.520833105867496,Mardi,3.0,Maison,2.0,4.397885357790289
2.0628638370294325,80.13206094625605,,,18.0,Appartement,5.0,4.971659495165085
18.08670085321103,89.70674701017978,36.467239704399816,Jeudi,21.0,,3.0,
8.42352434860582,39.464762440547865,48.34227498996427,Mardi,18.0,Bureau,1.0,2.315090323790403
14.842123138339112,45.8888504763634,11.214674164252253,Samedi,,Bureau,5.0,
9.62569381108925,,33.15235959017112,Mardi,,Maison,3.0,4.8126089139546675
3.250959179386296,80.89566243720596,37.094816347935755,Jeudi,10.0,Appartement,4.0,3.365791295495914
32.68039881329705,57.44354673494273,42.421268954526234,Dimanche,12.0,Bureau,5.0,
24.36226073718924,41.32205585422635,21.131459850680457,Vendredi,12.0,Bureau,3.0,8.616795376593961
-3.694907090509635,43.0097472678899,15.146545282021462,Jeudi,21.0,Bureau,5.0,
29.081058915406075,65.64945171974455,16.264756701151555,Mercredi,19.0,Maison,2.0,3.0869962732202865
,10.257461088342295,35.63106665492564,Vendredi,14.0,Appartement,3.0,1.6162674820175464
30.25485021023411,59.56714699678726,40.8389733252818,Samedi,20.0,,2.0,2.8939831056186813
25.993486517629186,38.43944083530859,,Lundi,,Appartement,2.0,9.24718628501997
,73.53578650216674,18.54705040788826,Jeudi,21.0,Bureau,3.0,6.025093959572676
,17.439251185850573,,Dimanche,,Bureau,1.0,5.568061983075437
2.0904811723225727,57.05618135587124,40.33467598473696,Mercredi,18.0,Appartement,3.0,6.165739197078384
14.373539659739013,48.4778311908899,49.24292013812379,Samedi,7.0,,1.0,3.977268524591895
18.506519892176627,61.38604207241819,37.712412984104034,Vendredi,,Appartement,5.0,8.16751669303537
1.604945844494102,15.188287558637468,19.659760051396113,Samedi,7.0,Maison,5.0,5.471219368352373
-3.7289766667229145,56.3987029942505,29.531891699731887,Jeudi,9.0,Bureau,3.0,1.6091050763035577
27.571860655968457,54.9187670367619,33.050712712366014,Mardi,15.0,Maison,5.0,1.7261186858760982
34.29809813165985,54.85280755329367,3.9227908158561977,Dimanche,18.0,Appartement,4.0,5.600161891774874
13.656058203620862,58.279013327716385,27.224847955193255,Jeudi,22.0,Bureau,2.0,9.397417071672972
-2.2744321368263423,,35.46604142363048,Lundi,,Maison,2.0,3.429345155923888
2.2538296933716033,74.39911997446158,8.366065200053018,Jeudi,12.0,Bureau,1.0,8.760641104162573
-9.172419555363996,31.585657610257147,39.031585871277855,Vendredi,8.0,Maison,5.0,7.758908072499354
31.143446295222454,76.00395281440497,29.18863902570558,Vendredi,19.0,Appartement,1.0,2.854218207615615
-4.701201269943649,49.86045458107629,,,23.0,Maison,2.0,0.8452371090043034
15.94324139814141,16.164662330746495,,Vendredi,18.0,Bureau,2.0,
2.33248493092427,14.684074339518336,13.26630687777335,Mardi,15.0,Bureau,5.0,7.420692371550682
14.938010113210705,36.73906549568486,30.077693964991205,Samedi,6.0,Bureau,4.0,
19.31391747583389,,,Jeudi,18.0,Bureau,4.0,4.027073744801241
27.33838116682407,66.61447477927325,35.721208203562114,Dimanche,11.0,Appartement,5.0,5.266142077061036
-0.7110427707728562,73.08919717379251,37.95026412609655,Mardi,14.0,,5.0,7.391947600276547
-9.505187710368379,51.38152451532875,5.125798203323723,Samedi,,Appartement,1.0,1.5756966209616912
,,,Dimanche,13.0,Appartement,5.0,4.360480850135884
30.500838883164732,,25.444527779552793,Dimanche,10.0,Appartement,4.0,
29.325053490313188,36.25542028874492,,Dimanche,9.0,Bureau,5.0,5.637857107729627
16.883589597663875,44.72154929391002,46.646243128483604,Samedi,10.0,Bureau,1.0,
17.023258719514402,17.08803437436938,41.37531599366106,Mardi,,Bureau,1.0,2.1309428529105605
,27.6489562168969,34.86046909548184,Dimanche,1.0,Maison,1.0,8.174398792352912
-2.1082924619447683,57.85802352509911,35.716331786749876,Dimanche,10.0,Bureau,,7.082345063118196
31.14853756662319,68.85304913913518,23.085807190655956,Mercredi,18.0,Maison,3.0,5.780772734890114
8.84467362014329,89.86780091143598,46.049726054828795,Jeudi,5.0,Bureau,5.0,7.145514768824433
7.241233771227385,,34.729771362664266,Samedi,13.0,,2.0,4.414168520040736
,61.40521596281532,36.44905308279082,Samedi,,Appartement,,1.8147770666971834
-7.886531495122523,43.69984426352576,,Vendredi,5.0,Appartement,3.0,6.824769782520989
-2.517248405976426,60.894189176658614,13.70357946710955,Samedi,16.0,Appartement,,5.484386913513411
23.211512739186666,72.85212944641856,40.35354519333515,Mardi,9.0,Maison,3.0,6.574060605156367
-6.274059943369309,19.466895273870986,9.762030147824602,Samedi,0.0,Maison,4.0,3.710988419770655
17.14184492598747,42.79239117570306,17.26709761224439,Mercredi,,Bureau,4.0,9.115232484728441
1.040709935659443,77.18418285084938,16.780522713492136,Jeudi,7.0,Maison,5.0,6.080013751467981
,40.70663615464352,48.926273419457026,Jeudi,7.0,Bureau,,1.3113236007633013
,55.74978169817492,42.82686118739634,Samedi,19.0,Maison,2.0,4.773137911692072
6.005272240922711,57.021548868975856,35.058493079512985,Dimanche,21.0,Maison,2.0,7.685382520064526
22.357065733291044,,36.35283808076951,Lundi,14.0,Maison,4.0,8.044278336456587
3.370477203042876,38.97883533218307,28.103639720128555,Lundi,23.0,Appartement,1.0,5.198672001255709
15.488208813360373,36.76090309935457,47.35453335542596,Dimanche,6.0,Maison,3.0,9.000101922897361
11.422268098959485,12.095736682565184,24.812937644118076,Dimanche,10.0,Appartement,2.0,3.0428501533458268
19.865202441319166,11.93534111130842,19.025885493494727,,6.0,Appartement,2.0,4.400687623763533
32.15733826961411,76.53576349406188,8.15176684657955,Mardi,,Maison,1.0,9.036670650405215
22.965744374461266,31.845664797824995,39.3102826130529,Lundi,11.0,Bureau,1.0,9.01443880648
-0.3276829634159455,51.44630129910524,36.72219660377957,,5.0,Bureau,5.0,
-8.59675892224219,33.898045887101844,19.217751926206745,Mardi,,Bureau,3.0,8.660315197661092
1.8018819934921293,85.25433960922724,1.259670697961468,Vendredi,11.0,,1.0,1.3433460360842102
16.77850688151147,30.7437407092619,41.949866385900535,Mardi,10.0,Bureau,2.0,8.717452273973874
-7.685838393208734,44.37254501911481,0.5708991727036816,Lundi,18.0,Appartement,2.0,3.545889112227154
12.336481124055634,79.81842003876815,35.18498898145255,Samedi,,Bureau,4.0,2.194149368068055
16.857928201260016,77.3546853433447,48.512855486302854,Vendredi,4.0,Maison,1.0,
5.040975086763236,24.888113427702187,21.883066407410173,Lundi,13.0,Bureau,5.0,4.470700826131927
24.69104916856199,74.21146478365684,,Mardi,,Appartement,,
-5.2030786089802685,46.65495093903141,35.243550502169086,Mercredi,23.0,Maison,5.0,3.5453920671567407
-6.618799821888606,48.637509766828416,40.85640710077926,Jeudi,15.0,Bureau,2.0,1.7822956176806
22.76849402916215,20.6783977932755,27.321515803892364,Lundi,12.0,Maison,5.0,3.313679272810486
12.29710922927893,16.44812110056997,48.35176376280731,Dimanche,21.0,Maison,2.0,
,68.23514455790121,2.5834360828980554,,21.0,Maison,2.0,4.697610226865107
9.56723023716858,49.716892188423984,25.239779915226407,Dimanche,19.0,Bureau,,3.793828231741156
1.088091495759807,,35.9226973661275,Dimanche,21.0,Maison,2.0,7.591295224142582
26.85960429533899,,43.13202355745895,Dimanche,3.0,Bureau,2.0,8.98834472823652
25.97371455360407,71.24103191928879,,Dimanche,10.0,Appartement,4.0,7.689497617572772
21.261341188449205,22.712653413548285,,Dimanche,16.0,Bureau,,3.654006670117952
,58.8180119582113,,Vendredi,,Appartement,4.0,7.57220059445676
,20.828326582214842,19.82768409949816,Lundi,13.0,Bureau,4.0,1.9438117335034866
,70.11000688232366,6.585751428954678,Lundi,10.0,,1.0,1.7380208868672637
-5.878806700301463,62.55641250137116,43.26478794544562,Jeudi,21.0,Bureau,,3.7834568518435097
31.279110895800926,86.52916968667664,7.863660408985767,Mardi,8.0,Maison,1.0,8.173172505918542
,15.516641308513694,15.489392960454962,Mercredi,22.0,,3.0,2.8403083488018677
32.76068092193611,14.564377692100345,14.502276598121844,Vendredi,,,1.0,
10.070259783108007,32.57496597545601,43.57070170954272,Mardi,22.0,Maison,5.0,1.7512405844603733
